INSERT INTO users (id, first_name, last_name, phone_number, email, password_hash, created_at, updated_at) VALUES ('329cb615-88e8-40de-a9d0-a161295c685b', 'Adrianna', 'Heathcote', '(838) 528-7876', 'Lourdes94@hotmail.com', 'kvdnx7qAsaFZrgi', '2023-11-22T03:57:02.003Z', '2024-08-30T02:36:24.665Z');
INSERT INTO users (id, first_name, last_name, phone_number, email, password_hash, created_at, updated_at) VALUES ('33279dad-c043-4e68-9147-bfdec7f01ec4', 'Cecelia', 'Kuhn', '865-571-5156 x6842', 'Pablo.Kessler@yahoo.com', 'qhhnXuQFAYFPo2D', '2023-09-03T12:19:34.641Z', '2024-08-29T19:46:21.511Z');
INSERT INTO users (id, first_name, last_name, phone_number, email, password_hash, created_at, updated_at) VALUES ('58ef6f9d-7262-4a0b-a393-d34ccc5586e5', 'Jarrell', 'Stehr', '633-912-1895', 'Aisha.Runolfsdottir@gmail.com', 'ajE7uJBRIjonGDH', '2024-07-21T12:10:28.044Z', '2024-08-30T00:41:48.416Z');
INSERT INTO users (id, first_name, last_name, phone_number, email, password_hash, created_at, updated_at) VALUES ('1cb4f3e1-1d7d-4728-9256-b4e5abbc6547', 'Blair', 'Harber', '562-988-4036 x00067', 'Megane_Buckridge@gmail.com', 'ELolywzj0ShJdmn', '2023-12-15T16:18:25.868Z', '2024-08-29T21:17:15.575Z');
INSERT INTO users (id, first_name, last_name, phone_number, email, password_hash, created_at, updated_at) VALUES ('1869d865-7cb8-4b73-9455-97fe0413c3d5', 'Odessa', 'Upton', '978.259.3212 x3372', 'Maude69@hotmail.com', 'Gs_rrZtwnOpuHN0', '2024-03-17T09:57:59.853Z', '2024-08-30T09:49:17.600Z');
INSERT INTO users (id, first_name, last_name, phone_number, email, password_hash, created_at, updated_at) VALUES ('574ed7e7-6087-48be-a158-7a41233ba50a', 'Blaise', 'Ruecker', '1-837-744-5646 x8815', 'Vernice92@gmail.com', '2DdRm8o6vbfQ7h3', '2023-09-09T11:12:44.435Z', '2024-08-29T20:25:53.283Z');
INSERT INTO users (id, first_name, last_name, phone_number, email, password_hash, created_at, updated_at) VALUES ('7c44e943-7e59-407b-a4ce-deb58cee4af3', 'Alejandra', 'Lemke', '521-999-3825 x131', 'Sierra.Brown85@hotmail.com', 'ipMbeqUWA7Xbppf', '2024-08-06T00:34:33.706Z', '2024-08-30T02:03:16.533Z');
INSERT INTO users (id, first_name, last_name, phone_number, email, password_hash, created_at, updated_at) VALUES ('7a97276e-0362-4b96-9c14-84eab9655a6e', 'Emelie', 'Breitenberg', '(266) 217-9204 x36845', 'Heidi.Dach60@gmail.com', 'p_I1ghT6qLSMSYg', '2024-06-12T15:09:07.830Z', '2024-08-30T03:17:25.669Z');
INSERT INTO users (id, first_name, last_name, phone_number, email, password_hash, created_at, updated_at) VALUES ('7013fbcc-0f93-4573-981b-ef925ec9e1a5', 'Rosario', 'Durgan', '378.652.9732', 'Emile_Okuneva@gmail.com', 'aAnCmb322qVT3wH', '2024-07-21T15:01:34.630Z', '2024-08-29T17:50:32.039Z');
INSERT INTO users (id, first_name, last_name, phone_number, email, password_hash, created_at, updated_at) VALUES ('7ba8b037-316e-4014-ad46-2608c447ac32', 'Dante', 'Thiel', '(769) 403-7422 x83980', 'Erin85@gmail.com', 'Cr6wL8qwYubTfLV', '2024-06-05T09:47:12.448Z', '2024-08-29T18:34:42.609Z');

INSERT INTO addresses (id, user_id, street_address, city, province, postal_code) VALUES ('ee7687cb-96ce-44c3-a63f-1883a7ee527e', '329cb615-88e8-40de-a9d0-a161295c685b', '3633 Blind Lane', 'Schadenville', 'Ohio', '42286');
INSERT INTO addresses (id, user_id, street_address, city, province, postal_code) VALUES ('5cb69efc-1041-4c67-9c44-5675b2adbf8e', '33279dad-c043-4e68-9147-bfdec7f01ec4', '85657 Harber Grove', 'Johnson City', 'Rhode Island', '78375');
INSERT INTO addresses (id, user_id, street_address, city, province, postal_code) VALUES ('ab4ac9d0-6bf6-46f5-b3f1-872ea643005c', '58ef6f9d-7262-4a0b-a393-d34ccc5586e5', '9247 W Monroe Street', 'Beckerville', 'Alabama', '52984');
INSERT INTO addresses (id, user_id, street_address, city, province, postal_code) VALUES ('37acfc22-540b-4609-b7b7-f55df5c3bbfb', '1cb4f3e1-1d7d-4728-9256-b4e5abbc6547', '101 Robbie Walk', 'South Gus', 'Pennsylvania', '82227-7663');
INSERT INTO addresses (id, user_id, street_address, city, province, postal_code) VALUES ('895894f0-e573-494f-9e3f-65e27377bc37', '1869d865-7cb8-4b73-9455-97fe0413c3d5', '203 Jamison Forks', 'Lefflershire', 'Alaska', '76897');
INSERT INTO addresses (id, user_id, street_address, city, province, postal_code) VALUES ('e8b01a3b-41af-42cf-b265-d2b8def479da', '574ed7e7-6087-48be-a158-7a41233ba50a', '197 Esteban Ramp', 'Lake Anibal', 'North Carolina', '82621-4967');
INSERT INTO addresses (id, user_id, street_address, city, province, postal_code) VALUES ('b0ff1b2d-c63e-4151-9a1b-306c77917e96', '7c44e943-7e59-407b-a4ce-deb58cee4af3', '531 Lambert Wall', 'Pleasanton', 'Illinois', '70639-8122');
INSERT INTO addresses (id, user_id, street_address, city, province, postal_code) VALUES ('d590675b-ee04-4fae-aec9-c1a625d0ff41', '7a97276e-0362-4b96-9c14-84eab9655a6e', '615 Madeline Points', 'Hettingerburgh', 'Virginia', '70606-9077');
INSERT INTO addresses (id, user_id, street_address, city, province, postal_code) VALUES ('45844a53-2ba7-4196-ad62-774448f6e4e4', '7013fbcc-0f93-4573-981b-ef925ec9e1a5', '494 Leffler Freeway', 'Aftonville', 'Nebraska', '01030-0835');
INSERT INTO addresses (id, user_id, street_address, city, province, postal_code) VALUES ('0970d8ab-8d6a-4650-99e9-16468b788e6f', '7ba8b037-316e-4014-ad46-2608c447ac32', '171 Beverly Corners', 'Maryhaven', 'Delaware', '48286');

INSERT INTO accounts (id, user_id, account_type, auth_provider, provider_accountId, access_token, refresh_token, token_type, scope, id_token, session_state, created_at, expires_at, updated_at) VALUES ('baf1a30c-9030-4514-94b3-1e5a60a2b255', '7a97276e-0362-4b96-9c14-84eab9655a6e', 'Admin', 'O''Reilly, Rodriguez and Crona', 'ad8b1deb-b4c2-471d-8b7e-5bf9bbddf3cb', 'gtriZO70mLv04UK', 'Lsax5y9PHAOSACp', 'BiDMr8MLA2-0-oq63SJX6', 'UXBueOvTEz', 'xpWvnkvhPbPAWlB', 'fEGnwbRmzn', '2024-07-24T11:16:33.001Z', '2024-12-14T08:55:36.030Z', '2024-08-30T04:02:33.537Z');
INSERT INTO accounts (id, user_id, account_type, auth_provider, provider_accountId, access_token, refresh_token, token_type, scope, id_token, session_state, created_at, expires_at, updated_at) VALUES ('09bf0b51-06ab-41ab-911b-6fede3149045', '574ed7e7-6087-48be-a158-7a41233ba50a', 'Admin', 'Schowalter - Homenick', '399996f0-efd6-4605-b5e7-6db8592e2d60', 'B7WZLmcagBJ5HMK', 'U4W3KwJm608plYJ', 'NTVJBR1YfAQMpWLm0Myms', 'TwwzrGZaRk', 'cgEzfPkmF6wR4Q_', 'liycPNFSAp', '2023-12-03T09:26:48.508Z', '2024-11-07T12:23:49.992Z', '2024-08-29T20:32:45.020Z');
INSERT INTO accounts (id, user_id, account_type, auth_provider, provider_accountId, access_token, refresh_token, token_type, scope, id_token, session_state, created_at, expires_at, updated_at) VALUES ('4d091a0f-b8e5-4733-acc1-9ba7ea0bc18b', '574ed7e7-6087-48be-a158-7a41233ba50a', 'Admin', 'Leuschke - Cruickshank', 'ab71ac1d-24cc-4736-ad54-435c4ede65fa', 'IUhBsQYEdx05LQZ', 'tU7PZnG_WE7rYqz', 'ovLMycgan4c8AFNIGLr71', 'KhCynflQVJ', 'dJ25Xd_Xpn3ZeXk', 'tiPUeRdpvZ', '2023-09-18T03:41:16.295Z', '2025-03-13T15:06:17.835Z', '2024-08-30T13:13:35.852Z');
INSERT INTO accounts (id, user_id, account_type, auth_provider, provider_accountId, access_token, refresh_token, token_type, scope, id_token, session_state, created_at, expires_at, updated_at) VALUES ('810efcdf-786a-4da5-97fd-5e74a3d464ed', '7013fbcc-0f93-4573-981b-ef925ec9e1a5', 'Admin', 'Kub Group', '2dc5c4b9-f0d5-4f83-83fd-e2ba18270c8c', 'KT4TVxlcYebTTQk', 'V07xm4A0F7MHSwC', 'o_8q-u5Xh-x3Jqys6yTW8', 'iaqqolZJuF', 'lxL8t9PP6dAJifs', 'WmqPKCrtYp', '2024-06-08T15:18:57.544Z', '2025-01-27T20:13:04.762Z', '2024-08-30T02:58:23.759Z');
INSERT INTO accounts (id, user_id, account_type, auth_provider, provider_accountId, access_token, refresh_token, token_type, scope, id_token, session_state, created_at, expires_at, updated_at) VALUES ('8f427d19-4d93-4e39-b4ea-cc2480857c70', '33279dad-c043-4e68-9147-bfdec7f01ec4', 'User', 'Schneider Group', '152e1e99-ba4d-4792-8716-c4d5cc2a7386', 'aunLwxsN4ZMMpRn', 'uYvu8v4qCE0hkbS', '8cQQGsIeG1sRkZqNLY4vR', 'BHTYbAIBtQ', 'zJYJNzHARp302S6', 'xLpuXXcGLX', '2024-06-07T03:32:25.379Z', '2025-08-17T09:28:47.624Z', '2024-08-29T23:23:59.072Z');
INSERT INTO accounts (id, user_id, account_type, auth_provider, provider_accountId, access_token, refresh_token, token_type, scope, id_token, session_state, created_at, expires_at, updated_at) VALUES ('9f95083c-0a95-4dc2-b35e-d59ab85dca13', '7ba8b037-316e-4014-ad46-2608c447ac32', 'User', 'Funk - Gislason', '63d06f78-c124-4df1-8ca3-7c33b209e425', 'J1dhu825jl7r2iR', '_txMZdwIOqeDyzo', 'XNxmvH3DaN4AjCFiO43S5', 'QQCdQgDaTD', 'bUAqLSKZHH4QWuM', 'xYWuIxuWZw', '2024-01-08T05:26:37.019Z', '2024-12-01T05:48:20.339Z', '2024-08-29T19:22:02.116Z');
INSERT INTO accounts (id, user_id, account_type, auth_provider, provider_accountId, access_token, refresh_token, token_type, scope, id_token, session_state, created_at, expires_at, updated_at) VALUES ('b0bdfb2d-9772-419e-8556-4790b2111e48', '1869d865-7cb8-4b73-9455-97fe0413c3d5', 'Admin', 'Terry - Sipes', 'babfc86f-3d47-4ff2-8cf8-4849d3696746', 'frptC8yc3fry6xE', '3_0A6N2UeJNdcyQ', '9MwS8f_BN4AeXcpvSDwwe', 'NGOXtALDBi', 'TGsUbzO5vru1QHe', 'qifmLiNIjd', '2024-05-13T16:59:19.208Z', '2025-03-22T02:35:32.372Z', '2024-08-30T05:59:54.830Z');
INSERT INTO accounts (id, user_id, account_type, auth_provider, provider_accountId, access_token, refresh_token, token_type, scope, id_token, session_state, created_at, expires_at, updated_at) VALUES ('f03acb54-a1a1-423c-8b06-09d0e1c31ced', '7ba8b037-316e-4014-ad46-2608c447ac32', 'User', 'Wilderman LLC', '849388b4-dc7e-4180-979b-2053899bb92e', 'Um3aPBJwkZMaWwT', 'Ff6bgoJnRi0tizl', 'FbkKYiTXM0VMj9ejklNNZ', 'BBcQbzzLxT', 'ynHWR_4RepMWiEo', 'TelQahgGkE', '2024-07-15T20:30:15.147Z', '2025-08-07T08:02:17.506Z', '2024-08-30T01:36:03.239Z');
INSERT INTO accounts (id, user_id, account_type, auth_provider, provider_accountId, access_token, refresh_token, token_type, scope, id_token, session_state, created_at, expires_at, updated_at) VALUES ('7b3e9fa3-aec1-4e12-924a-e92e30c58320', '1869d865-7cb8-4b73-9455-97fe0413c3d5', 'User', 'Franey and Sons', 'c4ca821f-7152-4095-989f-ab4ea9d63cde', 'xK00mExktjH2omw', 'mYpQSUezjFbfRCT', 'PhKB2bMvcJ0kcs9AEm_-N', 'MpKcGKlVsF', 'jycMCWXFJtt8SDR', 'zGSdcsaAKY', '2024-02-24T22:44:46.476Z', '2025-05-15T10:27:20.782Z', '2024-08-30T06:26:18.204Z');
INSERT INTO accounts (id, user_id, account_type, auth_provider, provider_accountId, access_token, refresh_token, token_type, scope, id_token, session_state, created_at, expires_at, updated_at) VALUES ('00bd4441-5347-4a45-be0c-ee91717b427e', '1869d865-7cb8-4b73-9455-97fe0413c3d5', 'User', 'Crooks, Bartell and Roob', 'e67b2a70-55ce-490e-bc64-079e669fa196', 'cHmbI6igH8DWeUF', 'R85dDYSnJqmR67G', '_kzkuL6DL_jFxV8SXffkB', 'BymwnUKSKF', 'o6yTinVvFO2c0lC', 'JbTTyGxNyH', '2023-09-07T07:24:15.546Z', '2025-05-03T17:44:51.876Z', '2024-08-29T19:57:39.171Z');

INSERT INTO categories (id, name, image_url, description) VALUES (1, 'Grocery', 'https://picsum.photos/seed/za0j6uzI/640/480', 'Boston''s most advanced compression wear technology increases muscle oxygenation, stabilizes active muscles');
INSERT INTO categories (id, name, image_url, description) VALUES (2, 'Jewelery', 'https://picsum.photos/seed/1nWlJYB93/640/480', 'The beautiful range of Apple Naturalé that has an exciting mix of natural ingredients. With the Goodness of 100% Natural Ingredients');
INSERT INTO categories (id, name, image_url, description) VALUES (3, 'Automotive', 'https://picsum.photos/seed/KmIq8SYEj5/640/480', 'The slim & simple Maple Gaming Keyboard from Dev Byte comes with a sleek body and 7- Color RGB LED Back-lighting for smart functionality');
INSERT INTO categories (id, name, image_url, description) VALUES (4, 'Movies', 'https://picsum.photos/seed/jtrvPV7h/640/480', 'Andy shoes are designed to keeping in mind durability as well as trends, the most stylish range of shoes & sandals');
INSERT INTO categories (id, name, image_url, description) VALUES (5, 'Music', 'https://picsum.photos/seed/LmjKHpMwM5/640/480', 'The automobile layout consists of a front-engine design, with transaxle-type transmissions mounted at the rear of the engine and four wheel drive');
INSERT INTO products (id, name, description, price, stock, category_id, image_url, created_at, updated_at) VALUES ('2ef25243-5081-411f-9e55-828219a6f97d', 'Refined Soft Bacon', 'Ergonomic executive chair upholstered in bonded black leather and PVC padded seat and back for all-day comfort and support', '195', 83, 1, 'https://picsum.photos/seed/JE0bK5Jsjg/640/480', '2023-10-26T19:34:39.740Z', '2024-08-29T15:16:36.131Z');
INSERT INTO products (id, name, description, price, stock, category_id, image_url, created_at, updated_at) VALUES ('7dd0d2a4-8811-40a0-9eb5-57393bd4ade0', 'Luxurious Bronze Computer', 'Boston''s most advanced compression wear technology increases muscle oxygenation, stabilizes active muscles', '195', 62, 1, 'https://picsum.photos/seed/ir2q2RAWC/640/480', '2024-03-08T17:44:38.166Z', '2024-08-30T04:36:11.438Z');
INSERT INTO products (id, name, description, price, stock, category_id, image_url, created_at, updated_at) VALUES ('de54bf43-af4f-4c0d-ba05-c8552a745ccb', 'Refined Frozen Sausages', 'The beautiful range of Apple Naturalé that has an exciting mix of natural ingredients. With the Goodness of 100% Natural Ingredients', '574', 55, 1, 'https://picsum.photos/seed/lLE2uNr1/640/480', '2024-04-13T06:54:12.667Z', '2024-08-30T05:22:43.377Z');
INSERT INTO products (id, name, description, price, stock, category_id, image_url, created_at, updated_at) VALUES ('94983654-8dc0-4b0a-b02e-8c385de9ff7b', 'Incredible Bronze Table', 'New range of formal shirts are designed keeping you in mind. With fits and styling that will make you stand apart', '186', 43, 2, 'https://picsum.photos/seed/NIfOEl5xn/640/480', '2024-08-18T09:17:05.416Z', '2024-08-29T15:11:33.050Z');
INSERT INTO products (id, name, description, price, stock, category_id, image_url, created_at, updated_at) VALUES ('4df07598-fc5f-4164-b65e-e99cf646a515', 'Refined Plastic Hat', 'The Football Is Good For Training And Recreational Purposes', '102', 12, 2, 'https://picsum.photos/seed/JZDzR/640/480', '2024-06-04T09:30:01.051Z', '2024-08-30T11:23:21.723Z');
INSERT INTO products (id, name, description, price, stock, category_id, image_url, created_at, updated_at) VALUES ('08796afb-e077-43b1-8127-79775898f2e8', 'Electronic Frozen Chicken', 'The beautiful range of Apple Naturalé that has an exciting mix of natural ingredients. With the Goodness of 100% Natural Ingredients', '98', 62, 2, 'https://picsum.photos/seed/8WcnBCgtbz/640/480', '2024-06-29T00:03:17.257Z', '2024-08-30T00:51:45.495Z');
INSERT INTO products (id, name, description, price, stock, category_id, image_url, created_at, updated_at) VALUES ('e5325196-c09a-47b1-b56a-f20c7d1f9283', 'Small Bronze Chair', 'Boston''s most advanced compression wear technology increases muscle oxygenation, stabilizes active muscles', '508', 99, 3, 'https://picsum.photos/seed/325LRbrlj/640/480', '2023-09-01T02:04:41.117Z', '2024-08-30T07:02:24.164Z');
INSERT INTO products (id, name, description, price, stock, category_id, image_url, created_at, updated_at) VALUES ('dbfdd893-047b-4a0a-8974-54529a65604b', 'Elegant Bronze Bike', 'The slim & simple Maple Gaming Keyboard from Dev Byte comes with a sleek body and 7- Color RGB LED Back-lighting for smart functionality', '74', 17, 3, 'https://picsum.photos/seed/GrR6zUn22P/640/480', '2024-06-18T06:22:37.616Z', '2024-08-30T07:38:23.497Z');
INSERT INTO products (id, name, description, price, stock, category_id, image_url, created_at, updated_at) VALUES ('ddc2194b-ad68-4ef9-b7c1-5e28c1dabc42', 'Fantastic Concrete Pizza', 'Ergonomic executive chair upholstered in bonded black leather and PVC padded seat and back for all-day comfort and support', '82', 88, 3, 'https://picsum.photos/seed/rW1nRu3pWf/640/480', '2023-12-02T10:16:43.094Z', '2024-08-30T09:52:15.010Z');
INSERT INTO products (id, name, description, price, stock, category_id, image_url, created_at, updated_at) VALUES ('ec115b7e-a9d6-48a3-b2aa-81261d82b71a', 'Bespoke Wooden Hat', 'The Nagasaki Lander is the trademarked name of several series of Nagasaki sport bikes, that started with the 1984 ABC800J', '222', 12, 4, 'https://picsum.photos/seed/JZ1f17qgkC/640/480', '2023-09-12T04:33:09.818Z', '2024-08-29T18:47:44.364Z');
INSERT INTO products (id, name, description, price, stock, category_id, image_url, created_at, updated_at) VALUES ('6c209d84-c56d-49b8-ade4-c253b45eefbd', 'Tasty Soft Tuna', 'Carbonite web goalkeeper gloves are ergonomically designed to give easy fit', '445', 73, 4, 'https://picsum.photos/seed/hKx0H7vwC/640/480', '2024-06-13T05:20:06.708Z', '2024-08-30T10:16:06.622Z');
INSERT INTO products (id, name, description, price, stock, category_id, image_url, created_at, updated_at) VALUES ('2808458c-0f20-45b2-a0d0-17c5e6a8d18a', 'Fantastic Granite Ball', 'Boston''s most advanced compression wear technology increases muscle oxygenation, stabilizes active muscles', '232', 79, 4, 'https://picsum.photos/seed/i2p6NDfI/640/480', '2023-09-24T12:55:13.031Z', '2024-08-30T04:55:06.584Z');
INSERT INTO products (id, name, description, price, stock, category_id, image_url, created_at, updated_at) VALUES ('becda93e-cece-4210-af8c-65844a3e71bc', 'Modern Frozen Chicken', 'The Apollotech B340 is an affordable wireless mouse with reliable connectivity, 12 months battery life and modern design', '231', 36, 5, 'https://picsum.photos/seed/x3j4LWfL/640/480', '2024-02-27T12:19:39.071Z', '2024-08-29T16:22:03.978Z');
INSERT INTO products (id, name, description, price, stock, category_id, image_url, created_at, updated_at) VALUES ('86bbfca8-6174-4f43-bafc-8b67abe25481', 'Modern Frozen Table', 'Boston''s most advanced compression wear technology increases muscle oxygenation, stabilizes active muscles', '562', 52, 5, 'https://picsum.photos/seed/obW0r/640/480', '2024-03-06T23:10:34.060Z', '2024-08-29T19:34:46.631Z');
INSERT INTO products (id, name, description, price, stock, category_id, image_url, created_at, updated_at) VALUES ('2776e8f4-001b-4da2-b5af-d587d19d990b', 'Electronic Plastic Table', 'The Nagasaki Lander is the trademarked name of several series of Nagasaki sport bikes, that started with the 1984 ABC800J', '98', 55, 5, 'https://picsum.photos/seed/51s5qDnR1/640/480', '2024-05-18T16:59:15.374Z', '2024-08-29T19:35:14.006Z');
INSERT INTO accordionItems (id, product_id, title, content) VALUES ('5783734b-e7ac-4506-8af3-4e25f8818614', '2ef25243-5081-411f-9e55-828219a6f97d', 'Information', 'Sint creber considero speculum cognatus. Tenuis doloribus apud vallum. Vulgus talio vinco non.');
INSERT INTO accordionItems (id, product_id, title, content) VALUES ('096755b9-4570-4659-b659-637c69b07dec', '2ef25243-5081-411f-9e55-828219a6f97d', 'Modern', 'Soleo voco autus aestus bibo trepide corpus creo tametsi sumo. Casus ascisco pecus utrimque utpote talio spoliatio taedium vulpes. Umquam correptius officiis arceo stabilis caecus ad facere.');
INSERT INTO accordionItems (id, product_id, title, content) VALUES ('f8300647-c12b-4507-a58c-14cf2fcb8983', '2ef25243-5081-411f-9e55-828219a6f97d', 'Small', 'Adamo depulso patria asper aperio adulatio basium voluptas. Demonstro deleniti tenetur patrocinor voluptates. Blanditiis modi alii delego cultellus nihil volup cursim distinctio.');
INSERT INTO accordionItems (id, product_id, title, content) VALUES ('09d6a06d-bc31-4840-bc0c-96089563d3a4', '7dd0d2a4-8811-40a0-9eb5-57393bd4ade0', 'Information', 'Sui ascisco canonicus capio. Clibanus tripudio speciosus. Crinis decens dignissimos.');
INSERT INTO accordionItems (id, product_id, title, content) VALUES ('cc2e4d45-7394-4328-8829-5beb5e8ff978', '7dd0d2a4-8811-40a0-9eb5-57393bd4ade0', 'Ergonomic', 'Adstringo laudantium versus velum tener alo subnecto theologus cunabula vitae. Eos canto subvenio depraedor thema careo confido cibus texo. Universe placeat veritatis capillus depereo tonsor sodalitas perferendis vinco recusandae.');
INSERT INTO accordionItems (id, product_id, title, content) VALUES ('3b5dd26a-b32d-463f-acee-87c304cf2d9d', '7dd0d2a4-8811-40a0-9eb5-57393bd4ade0', 'Sleek', 'Templum conatus voro defleo. Adsum adduco carmen textilis surgo accusator neque. Terga apparatus amet velociter cerno trado vinculum.');
INSERT INTO accordionItems (id, product_id, title, content) VALUES ('b7377017-e5a3-4b29-bc60-0418961d2079', 'de54bf43-af4f-4c0d-ba05-c8552a745ccb', 'Information', 'Adsidue tenax possimus autus ventito. Fuga basium suscipio temptatio quibusdam explicabo vomer combibo. Ulterius vallum aestas arcesso credo.');
INSERT INTO accordionItems (id, product_id, title, content) VALUES ('51e3b311-dedd-421c-a39d-93bd117dcabc', 'de54bf43-af4f-4c0d-ba05-c8552a745ccb', 'Sleek', 'Aperte suppellex ambitus vigor. Statim creta autem crapula basium spiritus vergo fuga. Labore quas officiis.');
INSERT INTO accordionItems (id, product_id, title, content) VALUES ('fde8375e-a577-4758-b063-73c2d61faf51', 'de54bf43-af4f-4c0d-ba05-c8552a745ccb', 'Handmade', 'Combibo accendo autem trepide amplus. Virgo constans vaco video demulceo vesper barba. Depromo totus valens patria.');
INSERT INTO accordionItems (id, product_id, title, content) VALUES ('48190b6d-b3cb-4dbd-856e-4464d7d3cf76', '94983654-8dc0-4b0a-b02e-8c385de9ff7b', 'Information', 'Tibi ulterius voluntarius tripudio. Crudelis architecto defero tantum tamisium conturbo sub tunc usus adhaero. Veritatis dens deprecator optio sumo pauper adipisci dolore amissio cupiditas.');
INSERT INTO accordionItems (id, product_id, title, content) VALUES ('a6ae74dd-715e-4ca0-b637-0a80dd48962e', '94983654-8dc0-4b0a-b02e-8c385de9ff7b', 'Rustic', 'Desidero attollo expedita valeo. Umbra tempus repudiandae speciosus. Quidem tredecim considero vos abduco.');
INSERT INTO accordionItems (id, product_id, title, content) VALUES ('237cb0ef-fac3-4c5d-8ac0-30dcd3db77c0', '94983654-8dc0-4b0a-b02e-8c385de9ff7b', 'Elegant', 'Desino tepesco ademptio arca blanditiis decor. Ambitus magnam arca conculco contego accusator consectetur patrocinor. Neque ultio venia avaritia cunabula cariosus.');
INSERT INTO accordionItems (id, product_id, title, content) VALUES ('aa18ecf4-226f-43bf-ac84-6fcf13d8ce28', '4df07598-fc5f-4164-b65e-e99cf646a515', 'Information', 'Cernuus doloribus depopulo carcer decretum tempora auditor perferendis uterque curatio. Clamo summisse advenio calculus decens dolores aequus. Amaritudo suadeo ventus sumo adhuc.');
INSERT INTO accordionItems (id, product_id, title, content) VALUES ('8edfe473-b997-4987-a292-c8d5f1768ee5', '4df07598-fc5f-4164-b65e-e99cf646a515', 'Ergonomic', 'Suadeo avarus iure porro apto sonitus. Conduco possimus libero asperiores auditor tenax defero adipiscor brevis vulgus. Statua assentator bellum placeat administratio ventus repellendus expedita spectaculum.');
INSERT INTO accordionItems (id, product_id, title, content) VALUES ('35a48d70-f5b7-4518-89c3-cc13311eeb45', '4df07598-fc5f-4164-b65e-e99cf646a515', 'Licensed', 'Aliqua auctor capillus sophismata pax vulpes. Depereo cetera despecto caute advoco. Celer tenus cruentus via vesica suffragium.');
INSERT INTO accordionItems (id, product_id, title, content) VALUES ('7d774d2e-9566-4155-ad19-2a8f3bd2c283', '08796afb-e077-43b1-8127-79775898f2e8', 'Information', 'Viduo deripio corona abeo iure bonus tantillus adimpleo cohaero. Illum conicio degero super natus arx considero quasi possimus ascit. Sumo ceno cultellus votum sed vigilo demonstro currus.');
INSERT INTO accordionItems (id, product_id, title, content) VALUES ('a25c6ea1-1c51-40ab-8d40-45ec0ebd369e', '08796afb-e077-43b1-8127-79775898f2e8', 'Awesome', 'Vel damnatio eos viduo. Ea sui caecus tredecim. Aranea contra xiphias ducimus.');
INSERT INTO accordionItems (id, product_id, title, content) VALUES ('04f1a9e7-4ed9-4ab8-bae4-1e52e9b9a8f8', '08796afb-e077-43b1-8127-79775898f2e8', 'Rustic', 'Curto demitto ceno viridis vestigium verbera quasi tamen abutor. Damno appono patria absconditus vesper aetas. Apto colo utrum vorax dedico.');
INSERT INTO accordionItems (id, product_id, title, content) VALUES ('5815b28f-81b3-4c48-b123-9e8558aa3387', 'e5325196-c09a-47b1-b56a-f20c7d1f9283', 'Information', 'Demergo quasi accedo odit adeo. Virga libero tenuis volva vel compono. Vespillo vapulus colo celebrer rem vir ustilo tergo animi virgo.');
INSERT INTO accordionItems (id, product_id, title, content) VALUES ('68821016-4ea8-4c43-9946-f5d0b78fc911', 'e5325196-c09a-47b1-b56a-f20c7d1f9283', 'Handmade', 'Voluptas ascisco viduo thymum congregatio triumphus tam vado. Acquiro speculum arca verecundia. Terminatio tertius sollicito libero sto vulticulus solum totus curso placeat.');
INSERT INTO accordionItems (id, product_id, title, content) VALUES ('b7bda53f-b569-4f26-b151-068898dd8e31', 'e5325196-c09a-47b1-b56a-f20c7d1f9283', 'Electronic', 'Aestus vinum cado carmen sum aspernatur sed in. Xiphias conatus sub dedico. Benevolentia soleo vallum volubilis.');
INSERT INTO accordionItems (id, product_id, title, content) VALUES ('2896f17c-9869-4c97-b7ad-32d8201877bb', 'dbfdd893-047b-4a0a-8974-54529a65604b', 'Information', 'Amoveo ipsam arca suasoria aveho delinquo amaritudo. Deficio repellat uter vestigium assumenda capio tubineus. Dicta adeptio tricesimus.');
INSERT INTO accordionItems (id, product_id, title, content) VALUES ('61251a2e-3f52-4302-a2d0-187a2d441cfc', 'dbfdd893-047b-4a0a-8974-54529a65604b', 'Luxurious', 'Cuppedia caterva vomito accedo amaritudo viduo. Amplus solio abduco angelus. Appositus facilis enim adeo valetudo peccatus paens canto aliquid ab.');
INSERT INTO accordionItems (id, product_id, title, content) VALUES ('90489ad7-471d-4249-8613-b1fe1cdc2fa6', 'dbfdd893-047b-4a0a-8974-54529a65604b', 'Small', 'Vitium succedo vergo solum debeo. Unus utor aperio terga. Sustineo arca trans peior itaque coadunatio.');
INSERT INTO accordionItems (id, product_id, title, content) VALUES ('368bce39-1db6-4f9f-9684-25dcb6d45261', 'ddc2194b-ad68-4ef9-b7c1-5e28c1dabc42', 'Information', 'Commemoro confero cur volaticus canto cur. Aveho quas delibero trans viscus ver. Volutabrum tepidus admoneo facilis odio bellicus confido verto comis.');
INSERT INTO accordionItems (id, product_id, title, content) VALUES ('f375a6de-cb7b-4342-ae58-404d2ca878ea', 'ddc2194b-ad68-4ef9-b7c1-5e28c1dabc42', 'Handmade', 'Vestrum terreo unde cicuta curvo vix. Vacuus abduco rem vicinus. Canto nesciunt pecus verus ratione.');
INSERT INTO accordionItems (id, product_id, title, content) VALUES ('a819ab87-75f7-4cc1-bdbe-ed67feaaaed8', 'ddc2194b-ad68-4ef9-b7c1-5e28c1dabc42', 'Recycled', 'Trado cubicularis incidunt desolo depereo celo usitas ipsa damnatio cura. Caveo utique crastinus curriculum triumphus peior cumque convoco explicabo. Ratione caute validus stabilis strues sui campana.');
INSERT INTO accordionItems (id, product_id, title, content) VALUES ('03b0da8a-2122-43c6-9473-33dad08cf74f', 'ec115b7e-a9d6-48a3-b2aa-81261d82b71a', 'Information', 'Aro iure sodalitas stillicidium sustineo adamo cauda vero capillus somniculosus. Adulatio vulticulus decipio advenio deorsum tot vicissitudo solitudo tyrannus solitudo. Delego vestigium truculenter corroboro cernuus pecco cura numquam ascisco apto.');
INSERT INTO accordionItems (id, product_id, title, content) VALUES ('d7070e87-3fa7-4d97-92ca-5dbe660f35fd', 'ec115b7e-a9d6-48a3-b2aa-81261d82b71a', 'Modern', 'Cura conor nulla. Magnam deripio ventosus. Valeo compono coadunatio crux caecus caterva volaticus contra vomica.');
INSERT INTO accordionItems (id, product_id, title, content) VALUES ('abb1a8ab-00d1-46b3-898a-5b71d592c792', 'ec115b7e-a9d6-48a3-b2aa-81261d82b71a', 'Small', 'Aduro natus terebro ustilo. Molestias sponte subvenio tricesimus quod vinum cedo conservo. Infit depopulo aufero victus aiunt dicta coadunatio teres.');
INSERT INTO accordionItems (id, product_id, title, content) VALUES ('e87f5fb9-7ce3-4486-9e0e-1ca493b658ad', '6c209d84-c56d-49b8-ade4-c253b45eefbd', 'Information', 'Tendo absens ipsum xiphias cohaero tristis eius. Reiciendis defessus cursim inflammatio thema amiculum creptio crudelis. Ipsum summopere audentia aiunt vilis agnosco arma deripio tardus vix.');
INSERT INTO accordionItems (id, product_id, title, content) VALUES ('56aa4aab-6ccd-4619-8b5b-974c569345c2', '6c209d84-c56d-49b8-ade4-c253b45eefbd', 'Fantastic', 'Carus brevis labore vitium crudelis adhuc caterva. Aurum deficio copiose decerno attonbitus. Delectatio baiulus contigo communis adeptio vobis audio.');
INSERT INTO accordionItems (id, product_id, title, content) VALUES ('9c4acb67-7cb6-4926-9c0f-070512eb0c98', '6c209d84-c56d-49b8-ade4-c253b45eefbd', 'Bespoke', 'Decens provident amplitudo derelinquo ascisco subnecto tempora causa tutamen explicabo. Agnitio adulatio aduro vix solum virga aggero capio supplanto. Tendo demum vito adversus itaque suffoco.');
INSERT INTO accordionItems (id, product_id, title, content) VALUES ('6c5c4a51-4a9b-4d77-83b5-eaecebe0169b', '2808458c-0f20-45b2-a0d0-17c5e6a8d18a', 'Information', 'Cursus terga patrocinor testimonium aequus maxime suscipio. Arto suadeo audacia adficio attero cultura cognatus defessus. Tego sint cursim rerum curso aut debeo decens clibanus adeptio.');
INSERT INTO accordionItems (id, product_id, title, content) VALUES ('a5e74603-7f73-4eff-b098-7538255b0cd6', '2808458c-0f20-45b2-a0d0-17c5e6a8d18a', 'Practical', 'Solutio explicabo ventito tabesco careo demo. Volup derideo voco absens porro capto taedium video administratio clam. Tabesco complectus angustus demergo ulciscor vitae sint urbs.');
INSERT INTO accordionItems (id, product_id, title, content) VALUES ('3ab2fa42-e8d6-41e4-a366-ebe4d3d3d2f2', '2808458c-0f20-45b2-a0d0-17c5e6a8d18a', 'Generic', 'A bellum caste delectus tersus. Demo vivo cohibeo. Spargo spargo tremo balbus quod depraedor contego arceo basium.');
INSERT INTO accordionItems (id, product_id, title, content) VALUES ('64e19300-f12b-48cc-bce1-5779c69ec155', 'becda93e-cece-4210-af8c-65844a3e71bc', 'Information', 'Solium amita aduro torqueo acceptus versus odit officiis. Atque caecus quae torqueo tero deputo ventito. Verumtamen volva calamitas alias enim adinventitias comes teneo ea.');
INSERT INTO accordionItems (id, product_id, title, content) VALUES ('16798999-006c-4c61-986c-1b0c27c5dc80', 'becda93e-cece-4210-af8c-65844a3e71bc', 'Ergonomic', 'Veritas viriliter credo solio contego certe. Utpote ter assumenda timidus nemo arca. Deripio aptus perspiciatis tamisium aqua cerno.');
INSERT INTO accordionItems (id, product_id, title, content) VALUES ('09a10f76-0b59-4a52-8f60-6f1a3ce60a12', 'becda93e-cece-4210-af8c-65844a3e71bc', 'Small', 'Atque pariatur curis avarus. Desino arcesso spoliatio quisquam contabesco pel sublime. Officia subvenio error solium vobis averto ter amet.');
INSERT INTO accordionItems (id, product_id, title, content) VALUES ('1cae24d9-085d-4f84-9f48-3adba19dd597', '86bbfca8-6174-4f43-bafc-8b67abe25481', 'Information', 'Terminatio solum vespillo tribuo aqua solum temptatio. Conqueror avarus talio studio quo delectatio sto corpus. Aliqua tumultus vicissitudo.');
INSERT INTO accordionItems (id, product_id, title, content) VALUES ('f9e356bb-4aa4-4b21-ba6a-8d0af7d9054b', '86bbfca8-6174-4f43-bafc-8b67abe25481', 'Handmade', 'Speculum confero arcesso dapifer testimonium arma vaco. Possimus statua voluptates ceno. Cuius testimonium amaritudo vetus.');
INSERT INTO accordionItems (id, product_id, title, content) VALUES ('b9f9fd98-b4c9-45e0-96c4-cfac332d5353', '86bbfca8-6174-4f43-bafc-8b67abe25481', 'Bespoke', 'Confugo curso carbo sordeo vix valens ullam utilis itaque. Quam crebro adiuvo torqueo delectatio desino vapulus venio theologus tergo. Consequuntur adsuesco stips aetas sum cenaculum alter coaegresco defleo subito.');
INSERT INTO accordionItems (id, product_id, title, content) VALUES ('f1331c6e-65e2-4ec6-b5d9-720611bf2b35', '2776e8f4-001b-4da2-b5af-d587d19d990b', 'Information', 'Dolore tibi vulpes terror verbera peccatus comptus cicuta avarus. Consequatur turbo vindico velit centum crapula sopor thema cuius odit. Uberrime suffoco administratio.');
INSERT INTO accordionItems (id, product_id, title, content) VALUES ('22d303d4-410f-48b8-a203-31ddec432095', '2776e8f4-001b-4da2-b5af-d587d19d990b', 'Incredible', 'Ex curriculum territo decor creo cunae tandem nesciunt. Atque amplexus vereor debeo. Cogito audio creator averto vivo perspiciatis.');
INSERT INTO accordionItems (id, product_id, title, content) VALUES ('2b66933e-eacb-4db1-bea0-4d51567deb8d', '2776e8f4-001b-4da2-b5af-d587d19d990b', 'Fantastic', 'Canis architecto una taceo utrum curto vivo accendo aliqua. Vallum at assumenda. Inventore validus debilito sapiente ver tot thesaurus tristis.');
INSERT INTO orders (id, user_id, status, payment_information, total, created_at, updated_at) VALUES ('4554fc8d-6c86-4b0d-aebb-4da4df1eb680', '33279dad-c043-4e68-9147-bfdec7f01ec4', 'done', '3420-650066-65681', 585, '2023-09-13T03:58:45.162Z', '2024-08-30T08:27:56.466Z');
INSERT INTO orders (id, user_id, status, payment_information, total, created_at, updated_at) VALUES ('02c1300b-b3d6-4d9e-874e-671677ca46b8', '574ed7e7-6087-48be-a158-7a41233ba50a', 'paid', '3489-615122-68446', 1388, '2024-01-17T22:09:26.907Z', '2024-08-30T00:39:13.613Z');
INSERT INTO orders (id, user_id, status, payment_information, total, created_at, updated_at) VALUES ('18a3ea09-dc70-4efc-be87-da612a63cb15', '7013fbcc-0f93-4573-981b-ef925ec9e1a5', 'done', '5248-6917-2535-1594', 1780, '2023-09-28T04:40:14.595Z', '2024-08-30T00:21:25.151Z');
INSERT INTO orders (id, user_id, status, payment_information, total, created_at, updated_at) VALUES ('13e232a4-b55b-4681-aee2-48de042387b7', '58ef6f9d-7262-4a0b-a393-d34ccc5586e5', 'pending', '3781-917285-34497', 826, '2024-06-16T06:36:08.796Z', '2024-08-30T13:37:35.564Z');
INSERT INTO orders (id, user_id, status, payment_information, total, created_at, updated_at) VALUES ('2240a79a-5491-48e6-bd55-b051a59b5cf3', '58ef6f9d-7262-4a0b-a393-d34ccc5586e5', 'paid', '3562-6560-6891-7916', 1582, '2024-08-29T03:04:52.891Z', '2024-08-29T20:45:12.939Z');
INSERT INTO orders (id, user_id, status, payment_information, total, created_at, updated_at) VALUES ('b0fe9471-74e9-4c94-9156-89d3848f8573', '33279dad-c043-4e68-9147-bfdec7f01ec4', 'paid', '6304-0361-6481-3119', 1601, '2024-07-30T01:02:11.994Z', '2024-08-29T15:32:42.775Z');
INSERT INTO orders (id, user_id, status, payment_information, total, created_at, updated_at) VALUES ('d9f6b4f8-6c89-499b-9153-b70c8e1e0d5c', '329cb615-88e8-40de-a9d0-a161295c685b', 'customer_canceled', '4920622088735', 2090, '2023-12-07T05:01:34.804Z', '2024-08-30T03:58:42.752Z');
INSERT INTO orders (id, user_id, status, payment_information, total, created_at, updated_at) VALUES ('066b130f-d292-43d2-8696-20c09950e752', '574ed7e7-6087-48be-a158-7a41233ba50a', 'pending', '5449-7447-5070-9025', 1755, '2024-08-11T00:28:21.437Z', '2024-08-30T07:36:01.497Z');
INSERT INTO orders (id, user_id, status, payment_information, total, created_at, updated_at) VALUES ('6b302e5a-6f72-4b74-b543-50d4ee5cfe6f', '1cb4f3e1-1d7d-4728-9256-b4e5abbc6547', 'pending', '3653-719019-9744', 2712, '2024-05-04T10:55:38.400Z', '2024-08-29T20:17:08.419Z');
INSERT INTO orders (id, user_id, status, payment_information, total, created_at, updated_at) VALUES ('5a0ce0ff-702d-4d15-a563-850cfbf8ca87', '33279dad-c043-4e68-9147-bfdec7f01ec4', 'customer_canceled', '5375-4256-9701-7791', 2429, '2023-12-16T19:43:12.807Z', '2024-08-29T20:06:58.495Z');
INSERT INTO order_items (id, order_id, product_id, quantity, price) VALUES ('8c3749fb-9f3a-482c-9ce6-483902592102', '4554fc8d-6c86-4b0d-aebb-4da4df1eb680', '7dd0d2a4-8811-40a0-9eb5-57393bd4ade0', 3, 585);
INSERT INTO order_items (id, order_id, product_id, quantity, price) VALUES ('af00fca3-47a3-48c5-9a51-4a7226d68b99', '02c1300b-b3d6-4d9e-874e-671677ca46b8', '4df07598-fc5f-4164-b65e-e99cf646a515', 4, 408);
INSERT INTO order_items (id, order_id, product_id, quantity, price) VALUES ('d2bdde7b-2134-4d88-bc21-ee4cafc87aac', '02c1300b-b3d6-4d9e-874e-671677ca46b8', '08796afb-e077-43b1-8127-79775898f2e8', 5, 490);
INSERT INTO order_items (id, order_id, product_id, quantity, price) VALUES ('37fb0ed2-7c94-4e27-9fcf-83e699276f69', '02c1300b-b3d6-4d9e-874e-671677ca46b8', '08796afb-e077-43b1-8127-79775898f2e8', 5, 490);
INSERT INTO order_items (id, order_id, product_id, quantity, price) VALUES ('14d12bc1-2533-4a3a-a7ad-356f7c10336e', '18a3ea09-dc70-4efc-be87-da612a63cb15', '6c209d84-c56d-49b8-ade4-c253b45eefbd', 4, 1780);
INSERT INTO order_items (id, order_id, product_id, quantity, price) VALUES ('31fd9070-eb83-4d48-af1b-221ff934f589', '13e232a4-b55b-4681-aee2-48de042387b7', 'ddc2194b-ad68-4ef9-b7c1-5e28c1dabc42', 1, 82);
INSERT INTO order_items (id, order_id, product_id, quantity, price) VALUES ('d13e804f-7dc3-4cf7-a6a4-0064921e64ff', '13e232a4-b55b-4681-aee2-48de042387b7', '94983654-8dc0-4b0a-b02e-8c385de9ff7b', 4, 744);
INSERT INTO order_items (id, order_id, product_id, quantity, price) VALUES ('911d08a2-b0fd-41d0-b4fd-8b301acd7c07', '2240a79a-5491-48e6-bd55-b051a59b5cf3', '2776e8f4-001b-4da2-b5af-d587d19d990b', 3, 294);
INSERT INTO order_items (id, order_id, product_id, quantity, price) VALUES ('fccb2c07-73db-40ee-8f85-5ae2f1ae0ec3', '2240a79a-5491-48e6-bd55-b051a59b5cf3', 'e5325196-c09a-47b1-b56a-f20c7d1f9283', 1, 508);
INSERT INTO order_items (id, order_id, product_id, quantity, price) VALUES ('ac8cda6d-3338-470c-8a38-14f2f43164f7', '2240a79a-5491-48e6-bd55-b051a59b5cf3', '2ef25243-5081-411f-9e55-828219a6f97d', 4, 780);
INSERT INTO order_items (id, order_id, product_id, quantity, price) VALUES ('a9d5b018-e9ce-475b-88ed-7097d807a587', 'b0fe9471-74e9-4c94-9156-89d3848f8573', '7dd0d2a4-8811-40a0-9eb5-57393bd4ade0', 3, 585);
INSERT INTO order_items (id, order_id, product_id, quantity, price) VALUES ('f5a0c10c-73db-4d2f-9c65-d26b3bc3467a', 'b0fe9471-74e9-4c94-9156-89d3848f8573', 'e5325196-c09a-47b1-b56a-f20c7d1f9283', 2, 1016);
INSERT INTO order_items (id, order_id, product_id, quantity, price) VALUES ('17dc9adf-4d18-4c84-9101-732135b47be7', 'd9f6b4f8-6c89-499b-9153-b70c8e1e0d5c', '86bbfca8-6174-4f43-bafc-8b67abe25481', 2, 1124);
INSERT INTO order_items (id, order_id, product_id, quantity, price) VALUES ('848b0bc1-90a7-4a58-b34e-1247a6f71713', 'd9f6b4f8-6c89-499b-9153-b70c8e1e0d5c', 'ec115b7e-a9d6-48a3-b2aa-81261d82b71a', 1, 222);
INSERT INTO order_items (id, order_id, product_id, quantity, price) VALUES ('8423fa0b-f5df-4878-b59e-288ea210c75c', 'd9f6b4f8-6c89-499b-9153-b70c8e1e0d5c', '94983654-8dc0-4b0a-b02e-8c385de9ff7b', 4, 744);
INSERT INTO order_items (id, order_id, product_id, quantity, price) VALUES ('f58e4ebf-46b9-45ac-b592-073334ed4f4c', '066b130f-d292-43d2-8696-20c09950e752', 'ddc2194b-ad68-4ef9-b7c1-5e28c1dabc42', 5, 410);
INSERT INTO order_items (id, order_id, product_id, quantity, price) VALUES ('9211315d-f2e6-4683-80f1-b6ad865e8db6', '066b130f-d292-43d2-8696-20c09950e752', '2ef25243-5081-411f-9e55-828219a6f97d', 5, 975);
INSERT INTO order_items (id, order_id, product_id, quantity, price) VALUES ('b9b72b16-aab2-4b6d-bd4e-0ff601e1351b', '066b130f-d292-43d2-8696-20c09950e752', 'dbfdd893-047b-4a0a-8974-54529a65604b', 5, 370);
INSERT INTO order_items (id, order_id, product_id, quantity, price) VALUES ('3f29c06b-9618-4928-aecf-19274f04277e', '6b302e5a-6f72-4b74-b543-50d4ee5cfe6f', '86bbfca8-6174-4f43-bafc-8b67abe25481', 3, 1686);
INSERT INTO order_items (id, order_id, product_id, quantity, price) VALUES ('b4a8234b-2afc-4f92-bb4f-2eb5f59726da', '6b302e5a-6f72-4b74-b543-50d4ee5cfe6f', 'becda93e-cece-4210-af8c-65844a3e71bc', 4, 924);
INSERT INTO order_items (id, order_id, product_id, quantity, price) VALUES ('55e2a7ce-e4a4-416c-b61e-1fe7e02d210f', '6b302e5a-6f72-4b74-b543-50d4ee5cfe6f', '4df07598-fc5f-4164-b65e-e99cf646a515', 1, 102);
INSERT INTO order_items (id, order_id, product_id, quantity, price) VALUES ('99c573d4-3121-442b-892f-749835c7ec12', '5a0ce0ff-702d-4d15-a563-850cfbf8ca87', '7dd0d2a4-8811-40a0-9eb5-57393bd4ade0', 1, 195);
INSERT INTO order_items (id, order_id, product_id, quantity, price) VALUES ('29723e3c-6093-4b0b-8f4f-890203f26a4f', '5a0ce0ff-702d-4d15-a563-850cfbf8ca87', '86bbfca8-6174-4f43-bafc-8b67abe25481', 2, 1124);
INSERT INTO order_items (id, order_id, product_id, quantity, price) VALUES ('92c947c9-ab86-484f-b062-214137b9d93d', '5a0ce0ff-702d-4d15-a563-850cfbf8ca87', 'ec115b7e-a9d6-48a3-b2aa-81261d82b71a', 5, 1110);
INSERT INTO carts (id, user_id, created_at, updated_at) VALUES ('fa4e6f27-c512-4169-975a-7df6508bf6ba', '33279dad-c043-4e68-9147-bfdec7f01ec4', '2023-11-21T03:02:56.873Z', '2024-08-30T14:02:22.197Z');
INSERT INTO carts (id, user_id, created_at, updated_at) VALUES ('2114a48e-da1e-4fb9-b833-12fefabc6051', '1869d865-7cb8-4b73-9455-97fe0413c3d5', '2023-12-19T14:43:33.801Z', '2024-08-29T15:48:17.064Z');
INSERT INTO carts (id, user_id, created_at, updated_at) VALUES ('67944f00-6386-404a-87ed-ace129daa316', '7ba8b037-316e-4014-ad46-2608c447ac32', '2024-04-18T16:28:55.504Z', '2024-08-30T02:10:05.541Z');
INSERT INTO carts (id, user_id, created_at, updated_at) VALUES ('1c5f4680-016d-4956-9aa6-26e066db48d8', '7013fbcc-0f93-4573-981b-ef925ec9e1a5', '2024-06-01T19:41:11.881Z', '2024-08-29T19:56:49.422Z');
INSERT INTO carts (id, user_id, created_at, updated_at) VALUES ('cd48b884-da9b-4490-bca7-c7681592987e', '574ed7e7-6087-48be-a158-7a41233ba50a', '2024-08-15T12:58:06.034Z', '2024-08-29T20:00:04.678Z');
INSERT INTO cart_items (id, cart_id, product_id, name, image_url, price, quantity) VALUES ('919166c3-3d4a-426d-a6ff-964d16fae4e2', 'fa4e6f27-c512-4169-975a-7df6508bf6ba', 'ddc2194b-ad68-4ef9-b7c1-5e28c1dabc42', 'Fantastic Concrete Pizza', 'https://picsum.photos/seed/rW1nRu3pWf/640/480', '82', 6);
INSERT INTO cart_items (id, cart_id, product_id, name, image_url, price, quantity) VALUES ('7b308653-9801-4f5b-afbd-8a869ec9280c', 'fa4e6f27-c512-4169-975a-7df6508bf6ba', '08796afb-e077-43b1-8127-79775898f2e8', 'Electronic Frozen Chicken', 'https://picsum.photos/seed/8WcnBCgtbz/640/480', '98', 9);
INSERT INTO cart_items (id, cart_id, product_id, name, image_url, price, quantity) VALUES ('72019971-f008-4567-80c7-e7b8b373b401', 'fa4e6f27-c512-4169-975a-7df6508bf6ba', '4df07598-fc5f-4164-b65e-e99cf646a515', 'Refined Plastic Hat', 'https://picsum.photos/seed/JZDzR/640/480', '102', 9);
INSERT INTO cart_items (id, cart_id, product_id, name, image_url, price, quantity) VALUES ('5156e71c-a959-4b0f-9934-fc54b002e94b', 'fa4e6f27-c512-4169-975a-7df6508bf6ba', '94983654-8dc0-4b0a-b02e-8c385de9ff7b', 'Incredible Bronze Table', 'https://picsum.photos/seed/NIfOEl5xn/640/480', '186', 9);
INSERT INTO cart_items (id, cart_id, product_id, name, image_url, price, quantity) VALUES ('0a928924-d773-42d6-8e0c-a55db92348cf', 'fa4e6f27-c512-4169-975a-7df6508bf6ba', 'ec115b7e-a9d6-48a3-b2aa-81261d82b71a', 'Bespoke Wooden Hat', 'https://picsum.photos/seed/JZ1f17qgkC/640/480', '222', 5);
INSERT INTO cart_items (id, cart_id, product_id, name, image_url, price, quantity) VALUES ('90fd2256-407d-49a3-a9bc-c466afd86cbb', '2114a48e-da1e-4fb9-b833-12fefabc6051', 'ec115b7e-a9d6-48a3-b2aa-81261d82b71a', 'Bespoke Wooden Hat', 'https://picsum.photos/seed/JZ1f17qgkC/640/480', '222', 3);
INSERT INTO cart_items (id, cart_id, product_id, name, image_url, price, quantity) VALUES ('d8b691d5-5d0a-4a1e-ba08-5129b9118ce6', '2114a48e-da1e-4fb9-b833-12fefabc6051', 'ddc2194b-ad68-4ef9-b7c1-5e28c1dabc42', 'Fantastic Concrete Pizza', 'https://picsum.photos/seed/rW1nRu3pWf/640/480', '82', 3);
INSERT INTO cart_items (id, cart_id, product_id, name, image_url, price, quantity) VALUES ('eb7214e3-a1c1-421b-8c71-769c19ea70fc', '2114a48e-da1e-4fb9-b833-12fefabc6051', '2776e8f4-001b-4da2-b5af-d587d19d990b', 'Electronic Plastic Table', 'https://picsum.photos/seed/51s5qDnR1/640/480', '98', 9);
INSERT INTO cart_items (id, cart_id, product_id, name, image_url, price, quantity) VALUES ('e1d4da0b-b788-4b6a-b428-32f0ce974985', '2114a48e-da1e-4fb9-b833-12fefabc6051', 'dbfdd893-047b-4a0a-8974-54529a65604b', 'Elegant Bronze Bike', 'https://picsum.photos/seed/GrR6zUn22P/640/480', '74', 4);
INSERT INTO cart_items (id, cart_id, product_id, name, image_url, price, quantity) VALUES ('f35c2236-83a3-4305-bcbf-833bd926490f', '2114a48e-da1e-4fb9-b833-12fefabc6051', '94983654-8dc0-4b0a-b02e-8c385de9ff7b', 'Incredible Bronze Table', 'https://picsum.photos/seed/NIfOEl5xn/640/480', '186', 6);
INSERT INTO cart_items (id, cart_id, product_id, name, image_url, price, quantity) VALUES ('1e155093-0ed6-438b-b615-2115b6a401f8', '67944f00-6386-404a-87ed-ace129daa316', 'dbfdd893-047b-4a0a-8974-54529a65604b', 'Elegant Bronze Bike', 'https://picsum.photos/seed/GrR6zUn22P/640/480', '74', 5);
INSERT INTO cart_items (id, cart_id, product_id, name, image_url, price, quantity) VALUES ('5cb3c112-59be-40e8-8b81-c9ee24a56b82', '67944f00-6386-404a-87ed-ace129daa316', '2776e8f4-001b-4da2-b5af-d587d19d990b', 'Electronic Plastic Table', 'https://picsum.photos/seed/51s5qDnR1/640/480', '98', 6);
INSERT INTO cart_items (id, cart_id, product_id, name, image_url, price, quantity) VALUES ('dee751f3-e02d-42de-9523-a311de0f621a', '67944f00-6386-404a-87ed-ace129daa316', '2ef25243-5081-411f-9e55-828219a6f97d', 'Refined Soft Bacon', 'https://picsum.photos/seed/JE0bK5Jsjg/640/480', '195', 6);
INSERT INTO cart_items (id, cart_id, product_id, name, image_url, price, quantity) VALUES ('fa517405-7c86-4115-a939-ae26d74b47f9', '67944f00-6386-404a-87ed-ace129daa316', '94983654-8dc0-4b0a-b02e-8c385de9ff7b', 'Incredible Bronze Table', 'https://picsum.photos/seed/NIfOEl5xn/640/480', '186', 3);
INSERT INTO cart_items (id, cart_id, product_id, name, image_url, price, quantity) VALUES ('f24d6c30-3fea-4735-852e-5d0159bdc8f2', '67944f00-6386-404a-87ed-ace129daa316', 'e5325196-c09a-47b1-b56a-f20c7d1f9283', 'Small Bronze Chair', 'https://picsum.photos/seed/325LRbrlj/640/480', '508', 8);
INSERT INTO cart_items (id, cart_id, product_id, name, image_url, price, quantity) VALUES ('43bc8759-83bd-4f73-bc85-de7b6643d144', '1c5f4680-016d-4956-9aa6-26e066db48d8', 'e5325196-c09a-47b1-b56a-f20c7d1f9283', 'Small Bronze Chair', 'https://picsum.photos/seed/325LRbrlj/640/480', '508', 6);
INSERT INTO cart_items (id, cart_id, product_id, name, image_url, price, quantity) VALUES ('4f52dfdf-f121-44a4-add7-77185fb90bf7', '1c5f4680-016d-4956-9aa6-26e066db48d8', 'ddc2194b-ad68-4ef9-b7c1-5e28c1dabc42', 'Fantastic Concrete Pizza', 'https://picsum.photos/seed/rW1nRu3pWf/640/480', '82', 1);
INSERT INTO cart_items (id, cart_id, product_id, name, image_url, price, quantity) VALUES ('c770cc4c-1b35-4741-b54c-88cda19e09a2', '1c5f4680-016d-4956-9aa6-26e066db48d8', '08796afb-e077-43b1-8127-79775898f2e8', 'Electronic Frozen Chicken', 'https://picsum.photos/seed/8WcnBCgtbz/640/480', '98', 10);
INSERT INTO cart_items (id, cart_id, product_id, name, image_url, price, quantity) VALUES ('227f422d-e019-47dd-8b9a-21e169468aa7', '1c5f4680-016d-4956-9aa6-26e066db48d8', 'dbfdd893-047b-4a0a-8974-54529a65604b', 'Elegant Bronze Bike', 'https://picsum.photos/seed/GrR6zUn22P/640/480', '74', 3);
INSERT INTO cart_items (id, cart_id, product_id, name, image_url, price, quantity) VALUES ('7fa533d0-6c61-4859-990f-70bbfcdcede7', '1c5f4680-016d-4956-9aa6-26e066db48d8', '86bbfca8-6174-4f43-bafc-8b67abe25481', 'Modern Frozen Table', 'https://picsum.photos/seed/obW0r/640/480', '562', 10);
INSERT INTO cart_items (id, cart_id, product_id, name, image_url, price, quantity) VALUES ('1ef1883c-f2aa-47a8-8b51-242aa58436e1', 'cd48b884-da9b-4490-bca7-c7681592987e', 'ddc2194b-ad68-4ef9-b7c1-5e28c1dabc42', 'Fantastic Concrete Pizza', 'https://picsum.photos/seed/rW1nRu3pWf/640/480', '82', 3);
INSERT INTO cart_items (id, cart_id, product_id, name, image_url, price, quantity) VALUES ('8bb5e500-bcc2-4685-a836-c1a01e128c03', 'cd48b884-da9b-4490-bca7-c7681592987e', '08796afb-e077-43b1-8127-79775898f2e8', 'Electronic Frozen Chicken', 'https://picsum.photos/seed/8WcnBCgtbz/640/480', '98', 4);
INSERT INTO cart_items (id, cart_id, product_id, name, image_url, price, quantity) VALUES ('9a414672-495c-4356-9a64-b4d3b6cc4dfc', 'cd48b884-da9b-4490-bca7-c7681592987e', '2808458c-0f20-45b2-a0d0-17c5e6a8d18a', 'Fantastic Granite Ball', 'https://picsum.photos/seed/i2p6NDfI/640/480', '232', 1);
INSERT INTO cart_items (id, cart_id, product_id, name, image_url, price, quantity) VALUES ('e73a5a4c-771f-4d57-8d9c-024073f44e1d', 'cd48b884-da9b-4490-bca7-c7681592987e', '4df07598-fc5f-4164-b65e-e99cf646a515', 'Refined Plastic Hat', 'https://picsum.photos/seed/JZDzR/640/480', '102', 5);
INSERT INTO cart_items (id, cart_id, product_id, name, image_url, price, quantity) VALUES ('f3d2809d-decb-44f2-bea9-56b47ad38f66', 'cd48b884-da9b-4490-bca7-c7681592987e', '7dd0d2a4-8811-40a0-9eb5-57393bd4ade0', 'Luxurious Bronze Computer', 'https://picsum.photos/seed/ir2q2RAWC/640/480', '195', 7);