INSERT INTO users (id, first_name, last_name, phone_number, email, password_hash, created_at, updated_at) VALUES ('20604639-e783-469d-bb41-111037bff544', 'Pearline', 'Batz', '1-723-675-4769 x4662', 'Aliza64@hotmail.com', 'hSry9NmKklDc63k', '2024-02-23T17:21:33.974Z', '2024-09-01T20:56:01.859Z');
INSERT INTO users (id, first_name, last_name, phone_number, email, password_hash, created_at, updated_at) VALUES ('3949101a-2e36-47eb-b4bd-286066c9b0be', 'Sylvia', 'Frami', '1-396-998-9401 x699', 'Beth.Block69@hotmail.com', 'Vz_31n0OoxCQvjo', '2024-07-26T00:54:43.564Z', '2024-09-02T03:07:57.586Z');
INSERT INTO users (id, first_name, last_name, phone_number, email, password_hash, created_at, updated_at) VALUES ('8d4d5742-dbbc-4537-9fd2-eb72b2467f0f', 'Rod', 'Hirthe', '268.244.9666', 'Daphne4@hotmail.com', '0EPhRGE_y1WI2a1', '2024-07-31T07:14:52.971Z', '2024-09-01T21:54:24.375Z');
INSERT INTO users (id, first_name, last_name, phone_number, email, password_hash, created_at, updated_at) VALUES ('e79c3717-6aaf-4b68-a813-1d7711a923bc', 'Gilberto', 'Witting-Bednar', '1-877-821-3940 x8760', 'Leonor.Thiel21@gmail.com', 'QCYhogAuybXWuRG', '2024-06-18T19:39:36.193Z', '2024-09-01T17:02:11.361Z');
INSERT INTO users (id, first_name, last_name, phone_number, email, password_hash, created_at, updated_at) VALUES ('ab00cfd2-2b99-4301-8f32-49b54dd2c463', 'Mable', 'Streich', '890-559-0669', 'Ruth_Shanahan-Mraz3@gmail.com', 'GqPrVVpkMK6odWf', '2023-09-30T09:46:53.241Z', '2024-09-01T14:19:24.460Z');
INSERT INTO users (id, first_name, last_name, phone_number, email, password_hash, created_at, updated_at) VALUES ('7d8753fe-35db-4210-a092-2fc23eaa8205', 'Celine', 'Powlowski', '(618) 972-0391', 'Jade98@yahoo.com', 'bSn469P8IS6T2zy', '2024-02-21T04:46:33.040Z', '2024-09-02T06:04:57.073Z');
INSERT INTO users (id, first_name, last_name, phone_number, email, password_hash, created_at, updated_at) VALUES ('15ce8ac6-343c-46dd-921d-447040d2b5ff', 'Misael', 'Bartell', '318-576-4762 x53413', 'Precious98@hotmail.com', 'x79BTLEo6eBGF37', '2024-04-19T22:09:34.724Z', '2024-09-01T22:43:46.597Z');
INSERT INTO users (id, first_name, last_name, phone_number, email, password_hash, created_at, updated_at) VALUES ('4f4cef15-9aca-4d66-a358-a9d7b0afb333', 'Merritt', 'Cormier', '1-733-652-0277 x0626', 'Roman_Wiza@gmail.com', 'l3I4YQc1OOBUJXs', '2024-07-14T01:18:49.414Z', '2024-09-01T20:35:41.740Z');
INSERT INTO users (id, first_name, last_name, phone_number, email, password_hash, created_at, updated_at) VALUES ('516a33ce-ab5b-4e93-859b-459918b8e45f', 'Alexandria', 'Beahan-Larson', '505.550.4537 x264', 'Melody_Harvey@hotmail.com', 'L5Z8itR_ep06zYM', '2023-09-06T11:02:29.970Z', '2024-09-01T21:37:50.448Z');
INSERT INTO users (id, first_name, last_name, phone_number, email, password_hash, created_at, updated_at) VALUES ('413e12c5-b3c2-4dc9-b813-48402a0dc124', 'Helena', 'Ullrich', '674-202-1195 x75111', 'Noemi.Jast@gmail.com', 'CI0vtjuWfNIzioy', '2024-08-07T15:00:18.335Z', '2024-09-02T06:21:30.226Z');
INSERT INTO addresses (id, user_id, street_address, city, province, postal_code) VALUES ('8a306254-883d-480f-b930-af6fad955325', '20604639-e783-469d-bb41-111037bff544', '31545 Donna Plains', 'East Delphinemouth', 'Florida', '99650');
INSERT INTO addresses (id, user_id, street_address, city, province, postal_code) VALUES ('bb970c0e-bbff-4bfa-9c31-207bfdcbfc5e', '3949101a-2e36-47eb-b4bd-286066c9b0be', '26492 Francesco Wells', 'New Helene', 'Virginia', '32255-5197');
INSERT INTO addresses (id, user_id, street_address, city, province, postal_code) VALUES ('ebe15efa-6ba3-4ee0-9000-2f433d587f96', '8d4d5742-dbbc-4537-9fd2-eb72b2467f0f', '88026 N Maple Street', 'Port Loucester', 'Colorado', '67815');
INSERT INTO addresses (id, user_id, street_address, city, province, postal_code) VALUES ('de12b754-ffef-4ce5-a33a-9588a6919fe2', 'e79c3717-6aaf-4b68-a813-1d7711a923bc', '887 W Pine Street', 'Guiseppebury', 'Kentucky', '72150');
INSERT INTO addresses (id, user_id, street_address, city, province, postal_code) VALUES ('7b4bd17f-eba4-4f54-8adf-8464883d0176', 'ab00cfd2-2b99-4301-8f32-49b54dd2c463', '9316 Prosacco Park', 'Port Susie', 'Vermont', '23244');
INSERT INTO addresses (id, user_id, street_address, city, province, postal_code) VALUES ('7e7c52e6-8b2b-4b61-96dd-13d2963a4295', '7d8753fe-35db-4210-a092-2fc23eaa8205', '701 Winfield Falls', 'Port Arthur', 'Missouri', '36402');
INSERT INTO addresses (id, user_id, street_address, city, province, postal_code) VALUES ('21e615ea-ac1e-4030-8b8a-6f10fefce9fa', '15ce8ac6-343c-46dd-921d-447040d2b5ff', '72106 Yundt Place', 'Boscoside', 'West Virginia', '37316');
INSERT INTO addresses (id, user_id, street_address, city, province, postal_code) VALUES ('c1f10c1b-93ab-4be8-8eda-d2edfed26cc8', '4f4cef15-9aca-4d66-a358-a9d7b0afb333', '3835 Clifton Road', 'Santinamouth', 'Minnesota', '76935');
INSERT INTO addresses (id, user_id, street_address, city, province, postal_code) VALUES ('fda0d0c5-6463-49a9-b9f2-7b3a528fc713', '516a33ce-ab5b-4e93-859b-459918b8e45f', '97417 The Avenue', 'South Elda', 'Connecticut', '84016');
INSERT INTO addresses (id, user_id, street_address, city, province, postal_code) VALUES ('89240dc9-fa00-4487-8e11-c9c25b90ef83', '413e12c5-b3c2-4dc9-b813-48402a0dc124', '3078 Reinger Rapids', 'Goyettefield', 'North Dakota', '50867-6452');
INSERT INTO accounts (id, user_id, account_type, auth_provider, provider_account_id, access_token, refresh_token, token_type, scope, id_token, session_state, created_at, expires_at, updated_at) VALUES ('7a550741-633a-45aa-85ff-34ab380bdb85', 'e79c3717-6aaf-4b68-a813-1d7711a923bc', 'User', 'Lynch, Ankunding and Wolff', 'fda45e69-23bb-406e-b197-a590d0a78a5b', 'QQe67ex_FB5ju8u', 'jOCJW6tn4Olvxwc', 'HVYuGEGM-xcW3M7Uc39Hf', 'wSduzZHNhT', 'll6x3TgQGgeDIFS', 'zMZSoAgIMn', '2024-05-15T21:31:18.509Z', '2025-03-21T08:46:15.839Z', '2024-09-02T07:02:20.869Z');
INSERT INTO accounts (id, user_id, account_type, auth_provider, provider_account_id, access_token, refresh_token, token_type, scope, id_token, session_state, created_at, expires_at, updated_at) VALUES ('5f233bd1-5f9d-42a4-b1a0-6f9a01309d13', '4f4cef15-9aca-4d66-a358-a9d7b0afb333', 'Admin', 'Maggio Inc', '142a2bc3-a59d-4b30-ba11-ed6634b6e2d7', 'QOWHN5qpPtOLkGN', 'aILIgJBtlkAoQR9', 'LA1WjIEwyL2yM2Sg0xfZn', 'hMUNmvjkWB', 'XogN6unvfApFjZK', 'DaIBoJombq', '2024-06-01T22:58:38.995Z', '2025-05-11T06:16:53.181Z', '2024-09-01T17:01:31.755Z');
INSERT INTO accounts (id, user_id, account_type, auth_provider, provider_account_id, access_token, refresh_token, token_type, scope, id_token, session_state, created_at, expires_at, updated_at) VALUES ('128be66b-716b-4115-adbe-ea35edc0fe54', '20604639-e783-469d-bb41-111037bff544', 'User', 'Windler, Quitzon and Johnston', 'e0956374-ccd3-4127-a8b3-6b99021505c6', 'H7oXDEOs3CwNZTN', 'zxpI1BzHedcuHlP', 'H3JYLJNCa1nX6TgbLG36i', 'iCJooFacRX', 'HRzuQa0QHt0j9GC', 'alInHtgttY', '2023-11-26T04:45:55.848Z', '2025-02-21T16:21:05.596Z', '2024-09-01T20:55:39.606Z');
INSERT INTO accounts (id, user_id, account_type, auth_provider, provider_account_id, access_token, refresh_token, token_type, scope, id_token, session_state, created_at, expires_at, updated_at) VALUES ('21b92f60-62be-4076-a3e6-8a69f8ad42d6', '516a33ce-ab5b-4e93-859b-459918b8e45f', 'User', 'Windler LLC', 'be966a95-3cfb-4a12-a30e-ee4423a8f058', 'CdxIetYAJBMuvQf', 'XO0iMBTrcCSZO8V', 'hVoyj77_dgbBo3jVQZSCT', 'HBVbOopmGH', 'nFpoPpQUHUln3xx', 'MlTZFpwCOC', '2023-10-07T02:23:12.434Z', '2024-11-16T22:40:20.816Z', '2024-09-01T14:39:27.073Z');
INSERT INTO accounts (id, user_id, account_type, auth_provider, provider_account_id, access_token, refresh_token, token_type, scope, id_token, session_state, created_at, expires_at, updated_at) VALUES ('cb46f17d-eeeb-46ae-b862-7acae0eb9f90', 'ab00cfd2-2b99-4301-8f32-49b54dd2c463', 'Admin', 'Heller Group', '051483e9-a39e-4206-81bb-7cb894b32c42', 'glksRL9rBAlIi0M', 'A_bIFwpqniDwrfB', 'aIVYzX7GchyLAlVU--vpj', 'JdMGtYsDsJ', 'jWnPZEaPizOO6ly', 'WpFkPahBCC', '2023-09-04T17:17:51.114Z', '2025-01-28T20:02:13.119Z', '2024-09-02T01:41:19.212Z');
INSERT INTO accounts (id, user_id, account_type, auth_provider, provider_account_id, access_token, refresh_token, token_type, scope, id_token, session_state, created_at, expires_at, updated_at) VALUES ('df5b2ada-56e8-4a8d-ae03-dc7dd900d2ed', '7d8753fe-35db-4210-a092-2fc23eaa8205', 'User', 'Macejkovic LLC', '7c808cc7-d2f7-49f3-bf67-47be020d973e', 'P1metG7JCadPUbN', 'IqGSPRR910KdE0c', 'BrDkV7lASgsgE3RoXOCIG', 'AuwTogDRxz', 'BWhVSkgQiOABds9', 'jyLEyqtiPN', '2024-03-03T15:35:04.447Z', '2024-12-27T05:49:11.638Z', '2024-09-02T09:13:22.435Z');
INSERT INTO accounts (id, user_id, account_type, auth_provider, provider_account_id, access_token, refresh_token, token_type, scope, id_token, session_state, created_at, expires_at, updated_at) VALUES ('8e7aadbb-252c-4cde-b545-2af82904008f', '3949101a-2e36-47eb-b4bd-286066c9b0be', 'User', 'Hirthe - Bednar', '308daeaa-97bd-4fd1-b9a9-e2bf1d0ef40e', 'gV1d7jhHDiUpFCF', 'xkh3nQxdyOMj9Fv', '5KV55pFfKc_ICuR366-OP', 'iFUKBZKgzm', '4uOj4XJKJ2i6QDd', 'ehYfZeFRUY', '2023-10-12T15:57:24.885Z', '2025-05-01T12:46:20.056Z', '2024-09-02T11:27:53.327Z');
INSERT INTO accounts (id, user_id, account_type, auth_provider, provider_account_id, access_token, refresh_token, token_type, scope, id_token, session_state, created_at, expires_at, updated_at) VALUES ('56771378-6635-4d92-be38-cf0ec1446cb5', 'ab00cfd2-2b99-4301-8f32-49b54dd2c463', 'User', 'Bode - Bartell', 'bd2a2a10-c05c-40a7-aaf2-02aed273594f', '2vB_jP1f9YbcEoJ', 'tAJsWMxSJDnHy2G', 'A04KOoX38ZFn98H31sBki', 'iwhdfnqQCL', 'LLQUoFhQfwuTnXY', 'QYyWAjqZHw', '2023-10-21T17:31:09.610Z', '2024-11-18T09:52:23.712Z', '2024-09-01T14:38:40.345Z');
INSERT INTO accounts (id, user_id, account_type, auth_provider, provider_account_id, access_token, refresh_token, token_type, scope, id_token, session_state, created_at, expires_at, updated_at) VALUES ('b477764b-cd19-40fd-b68b-ba4c6fff18a7', 'e79c3717-6aaf-4b68-a813-1d7711a923bc', 'User', 'Schmidt, Marvin and Bartoletti', 'a7072053-fff5-4592-99b2-b4af6ceb222c', 'dxgPXiolIGapkoq', 'qyCoXgpRB7f96i1', '_1C6S_aaOhVWyYXKHAnZP', 'dsbyFcsnbK', 'P0PUxvcF_akEWYI', 'DNWRGhGuap', '2023-10-18T07:24:50.596Z', '2025-02-22T06:10:00.008Z', '2024-09-01T21:23:58.574Z');
INSERT INTO accounts (id, user_id, account_type, auth_provider, provider_account_id, access_token, refresh_token, token_type, scope, id_token, session_state, created_at, expires_at, updated_at) VALUES ('e2265c15-9f42-49c6-966b-92cc83e0919b', '516a33ce-ab5b-4e93-859b-459918b8e45f', 'User', 'Langosh Group', 'e5b01652-0744-4f23-a1eb-fd416686121c', '0nCiR8ld8m5gj7K', 'DfNlYEv_sUogTY4', 'zxwMyiH3lkCA2WPSXc1S5', 'XjNqBPSwSI', 'oLVWuxM34B_OcxY', 'cDEaavuGwR', '2024-01-27T16:02:27.440Z', '2024-11-10T05:53:15.645Z', '2024-09-02T09:38:12.636Z');
INSERT INTO categories (id, name, description, image_url) VALUES (1, 'Toys', 'The Football Is Good For Training And Recreational Purposes', 'https://picsum.photos/seed/afbiAMMIh/640/480');
INSERT INTO categories (id, name, description, image_url) VALUES (2, 'Garden', 'The Football Is Good For Training And Recreational Purposes', 'https://picsum.photos/seed/dRmTL/640/480');
INSERT INTO categories (id, name, description, image_url) VALUES (3, 'Clothing', 'Boston''s most advanced compression wear technology increases muscle oxygenation, stabilizes active muscles', 'https://picsum.photos/seed/qLu5A/640/480');
INSERT INTO categories (id, name, description, image_url) VALUES (4, 'Kids', 'The Apollotech B340 is an affordable wireless mouse with reliable connectivity, 12 months battery life and modern design', 'https://picsum.photos/seed/teWE4nRG/640/480');
INSERT INTO categories (id, name, description, image_url) VALUES (5, 'Music', 'Ergonomic executive chair upholstered in bonded black leather and PVC padded seat and back for all-day comfort and support', 'https://picsum.photos/seed/uhMsR/640/480');
INSERT INTO products (id, name, description, price, stock, category_id, image_url, created_at, updated_at) VALUES ('1e9ab7f1-16a0-4cfc-a60c-552971a353f2', 'Licensed Wooden Ball', 'Andy shoes are designed to keeping in mind durability as well as trends, the most stylish range of shoes & sandals', '491', 14, 1, 'https://picsum.photos/seed/fkHRC/640/480', '2023-10-30T00:17:07.021Z', '2024-09-02T06:21:39.243Z');
INSERT INTO products (id, name, description, price, stock, category_id, image_url, created_at, updated_at) VALUES ('5de26d6b-decd-4a0f-a43c-c57d2905c43e', 'Unbranded Plastic Mouse', 'The slim & simple Maple Gaming Keyboard from Dev Byte comes with a sleek body and 7- Color RGB LED Back-lighting for smart functionality', '403', 73, 1, 'https://picsum.photos/seed/CabH8/640/480', '2024-01-13T11:20:57.552Z', '2024-09-01T12:15:48.325Z');
INSERT INTO products (id, name, description, price, stock, category_id, image_url, created_at, updated_at) VALUES ('590e9f7c-5c4c-4d4c-9d0a-1e80da0c0549', 'Small Cotton Car', 'The Apollotech B340 is an affordable wireless mouse with reliable connectivity, 12 months battery life and modern design', '138', 83, 1, 'https://picsum.photos/seed/IltSu3Z/640/480', '2023-10-08T21:37:34.545Z', '2024-09-02T00:29:01.807Z');
INSERT INTO products (id, name, description, price, stock, category_id, image_url, created_at, updated_at) VALUES ('46b27347-b5a4-4e1f-8eab-03883c82924f', 'Elegant Cotton Computer', 'The Apollotech B340 is an affordable wireless mouse with reliable connectivity, 12 months battery life and modern design', '459', 46, 1, 'https://picsum.photos/seed/7j4wB30/640/480', '2023-12-16T05:22:09.936Z', '2024-09-02T07:34:21.848Z');
INSERT INTO products (id, name, description, price, stock, category_id, image_url, created_at, updated_at) VALUES ('3fe96b9e-ffa9-465a-8b1f-72559e6143ab', 'Rustic Steel Cheese', 'New ABC 13 9370, 13.3, 5th Gen CoreA5-8250U, 8GB RAM, 256GB SSD, power UHD Graphics, OS 10 Home, OS Office A & J 2016', '469', 28, 1, 'https://picsum.photos/seed/FbpyJm/640/480', '2023-11-13T00:08:00.789Z', '2024-09-02T09:30:33.729Z');
INSERT INTO products (id, name, description, price, stock, category_id, image_url, created_at, updated_at) VALUES ('10935807-e840-4515-9047-7cdb948aa4c2', 'Incredible Steel Chair', 'Carbonite web goalkeeper gloves are ergonomically designed to give easy fit', '524', 83, 2, 'https://picsum.photos/seed/RZjIg/640/480', '2024-07-26T10:34:04.536Z', '2024-09-02T05:16:30.099Z');
INSERT INTO products (id, name, description, price, stock, category_id, image_url, created_at, updated_at) VALUES ('217899f7-2708-42a6-9886-152d1004c4d0', 'Intelligent Fresh Towels', 'The Nagasaki Lander is the trademarked name of several series of Nagasaki sport bikes, that started with the 1984 ABC800J', '209', 60, 2, 'https://picsum.photos/seed/W9IZDi/640/480', '2024-01-18T18:18:10.914Z', '2024-09-02T05:48:53.832Z');
INSERT INTO products (id, name, description, price, stock, category_id, image_url, created_at, updated_at) VALUES ('18a1c4f0-e9d7-4898-b0cc-9fe34194f1b0', 'Elegant Fresh Table', 'New range of formal shirts are designed keeping you in mind. With fits and styling that will make you stand apart', '444', 18, 2, 'https://picsum.photos/seed/utmXC/640/480', '2023-09-07T06:58:39.690Z', '2024-09-01T18:59:38.330Z');
INSERT INTO products (id, name, description, price, stock, category_id, image_url, created_at, updated_at) VALUES ('105fe68d-1daf-470b-a41a-1f5469108bb3', 'Intelligent Steel Hat', 'New range of formal shirts are designed keeping you in mind. With fits and styling that will make you stand apart', '239', 13, 2, 'https://picsum.photos/seed/X68i87w9yc/640/480', '2024-05-01T15:45:30.902Z', '2024-09-02T01:28:26.695Z');
INSERT INTO products (id, name, description, price, stock, category_id, image_url, created_at, updated_at) VALUES ('908356a6-434d-4292-9733-88206472bfaf', 'Elegant Steel Shirt', 'Ergonomic executive chair upholstered in bonded black leather and PVC padded seat and back for all-day comfort and support', '45', 30, 2, 'https://picsum.photos/seed/IiebmWEQ/640/480', '2024-07-30T17:52:04.987Z', '2024-09-02T02:13:40.236Z');
INSERT INTO products (id, name, description, price, stock, category_id, image_url, created_at, updated_at) VALUES ('979d065f-6733-4a13-b9a6-776678a1755f', 'Intelligent Frozen Salad', 'New ABC 13 9370, 13.3, 5th Gen CoreA5-8250U, 8GB RAM, 256GB SSD, power UHD Graphics, OS 10 Home, OS Office A & J 2016', '107', 48, 3, 'https://picsum.photos/seed/QFn60hR3A/640/480', '2024-02-23T19:26:22.732Z', '2024-09-01T15:50:08.750Z');
INSERT INTO products (id, name, description, price, stock, category_id, image_url, created_at, updated_at) VALUES ('66ca1a18-0668-4230-b14e-eb9a7710de18', 'Incredible Soft Cheese', 'New range of formal shirts are designed keeping you in mind. With fits and styling that will make you stand apart', '370', 32, 3, 'https://picsum.photos/seed/dT55xj/640/480', '2023-09-13T04:19:39.238Z', '2024-09-02T07:46:32.242Z');
INSERT INTO products (id, name, description, price, stock, category_id, image_url, created_at, updated_at) VALUES ('b6e6a53a-ecf7-4760-af8d-7fcba8dd50af', 'Small Steel Chips', 'The Football Is Good For Training And Recreational Purposes', '264', 86, 3, 'https://picsum.photos/seed/T0Pjh577/640/480', '2024-07-27T02:38:16.200Z', '2024-09-01T15:16:56.458Z');
INSERT INTO products (id, name, description, price, stock, category_id, image_url, created_at, updated_at) VALUES ('9a4eef29-f402-4936-bdc4-db0ae8c66b3f', 'Fantastic Cotton Shirt', 'The slim & simple Maple Gaming Keyboard from Dev Byte comes with a sleek body and 7- Color RGB LED Back-lighting for smart functionality', '360', 56, 3, 'https://picsum.photos/seed/BVxWkn3u/640/480', '2024-07-17T16:41:11.390Z', '2024-09-02T11:19:02.101Z');
INSERT INTO products (id, name, description, price, stock, category_id, image_url, created_at, updated_at) VALUES ('f42bdac7-2976-4141-94c0-e78822f1042d', 'Electronic Rubber Cheese', 'The Football Is Good For Training And Recreational Purposes', '414', 81, 3, 'https://picsum.photos/seed/UaH3QIbw/640/480', '2024-03-04T10:31:05.899Z', '2024-09-02T08:39:27.377Z');
INSERT INTO products (id, name, description, price, stock, category_id, image_url, created_at, updated_at) VALUES ('77a8fc5d-d8ae-4896-b89a-c4097fe1c63b', 'Electronic Soft Soap', 'The automobile layout consists of a front-engine design, with transaxle-type transmissions mounted at the rear of the engine and four wheel drive', '405', 51, 4, 'https://picsum.photos/seed/IspQCoJdSU/640/480', '2024-03-26T23:30:57.056Z', '2024-09-02T05:59:03.310Z');
INSERT INTO products (id, name, description, price, stock, category_id, image_url, created_at, updated_at) VALUES ('4ca383ec-cb34-44eb-bd72-8ecefec09670', 'Unbranded Metal Computer', 'Boston''s most advanced compression wear technology increases muscle oxygenation, stabilizes active muscles', '71', 29, 4, 'https://picsum.photos/seed/m6MBMUZti/640/480', '2024-02-10T23:58:21.615Z', '2024-09-02T09:56:05.747Z');
INSERT INTO products (id, name, description, price, stock, category_id, image_url, created_at, updated_at) VALUES ('7437dc59-a061-4e49-be4e-ebf3971e154e', 'Sleek Rubber Towels', 'Ergonomic executive chair upholstered in bonded black leather and PVC padded seat and back for all-day comfort and support', '492', 10, 4, 'https://picsum.photos/seed/FuaqTodusk/640/480', '2024-03-03T11:48:53.094Z', '2024-09-01T14:59:18.746Z');
INSERT INTO products (id, name, description, price, stock, category_id, image_url, created_at, updated_at) VALUES ('6f3b7e1c-2f36-472b-8805-86e493a83608', 'Electronic Rubber Pants', 'Carbonite web goalkeeper gloves are ergonomically designed to give easy fit', '483', 98, 4, 'https://picsum.photos/seed/J4BFDMJ/640/480', '2023-09-18T07:09:21.837Z', '2024-09-01T18:57:15.739Z');
INSERT INTO products (id, name, description, price, stock, category_id, image_url, created_at, updated_at) VALUES ('88288405-104d-4305-83a7-ecb00ca5bc11', 'Ergonomic Soft Pizza', 'The Apollotech B340 is an affordable wireless mouse with reliable connectivity, 12 months battery life and modern design', '158', 70, 4, 'https://picsum.photos/seed/2ijTr/640/480', '2023-10-31T09:08:50.853Z', '2024-09-01T18:25:27.949Z');
INSERT INTO products (id, name, description, price, stock, category_id, image_url, created_at, updated_at) VALUES ('081b9380-370c-4697-9d2a-a730e0e0211b', 'Handcrafted Frozen Towels', 'Ergonomic executive chair upholstered in bonded black leather and PVC padded seat and back for all-day comfort and support', '505', 47, 5, 'https://picsum.photos/seed/pj7xnRJx/640/480', '2023-10-01T20:29:01.793Z', '2024-09-01T15:22:31.503Z');
INSERT INTO products (id, name, description, price, stock, category_id, image_url, created_at, updated_at) VALUES ('a8be7a9e-67ee-4c9f-a5f9-4bc1cf3c4f71', 'Sleek Concrete Bacon', 'Boston''s most advanced compression wear technology increases muscle oxygenation, stabilizes active muscles', '338', 85, 5, 'https://picsum.photos/seed/SiXDkURjs/640/480', '2023-10-18T06:10:56.786Z', '2024-09-01T16:44:46.634Z');
INSERT INTO products (id, name, description, price, stock, category_id, image_url, created_at, updated_at) VALUES ('1cacbab5-0572-47e7-9a30-4df8d9813395', 'Handmade Wooden Gloves', 'Andy shoes are designed to keeping in mind durability as well as trends, the most stylish range of shoes & sandals', '177', 85, 5, 'https://picsum.photos/seed/dEnzu/640/480', '2023-09-27T00:27:24.218Z', '2024-09-01T20:31:15.146Z');
INSERT INTO products (id, name, description, price, stock, category_id, image_url, created_at, updated_at) VALUES ('7e52ad1f-d48f-4be7-812c-76f0471536a4', 'Modern Wooden Cheese', 'Ergonomic executive chair upholstered in bonded black leather and PVC padded seat and back for all-day comfort and support', '546', 4, 5, 'https://picsum.photos/seed/RXNE5aUCux/640/480', '2023-10-02T08:20:46.736Z', '2024-09-02T01:45:48.797Z');
INSERT INTO products (id, name, description, price, stock, category_id, image_url, created_at, updated_at) VALUES ('1d483375-4e59-4e51-a735-fe9e89923018', 'Elegant Steel Cheese', 'Carbonite web goalkeeper gloves are ergonomically designed to give easy fit', '324', 71, 5, 'https://picsum.photos/seed/LD1md/640/480', '2023-11-14T04:11:50.618Z', '2024-09-01T16:16:19.067Z');
INSERT INTO accordion_items (id, product_id, title, content) VALUES ('4aaa83cc-4183-4e75-a9a9-c420d59ab7eb', '1e9ab7f1-16a0-4cfc-a60c-552971a353f2', 'Information', 'Dolores cubicularis cenaculum. Aggero tabella blandior unde ulterius stabilis debilito angelus vulnero ars. Cubo theca alius benevolentia acervus cilicium ventosus.');
INSERT INTO accordion_items (id, product_id, title, content) VALUES ('e320663c-c37c-4e94-abf4-5fac2ab4ac89', '1e9ab7f1-16a0-4cfc-a60c-552971a353f2', 'Elegant', 'Appositus valeo denego abstergo. Adipiscor alo speciosus aliquid victus commodi despecto adiuvo usque. Allatus vobis ullus aspernatur ascisco reiciendis ascisco crebro.');
INSERT INTO accordion_items (id, product_id, title, content) VALUES ('e2cb3c8e-0856-4096-973a-30292db21b54', '5de26d6b-decd-4a0f-a43c-c57d2905c43e', 'Information', 'Utrimque tutis deserunt dignissimos quas. Impedit torrens reprehenderit dolorem complectus. Basium possimus corona comedo ducimus delego corporis caries anser.');
INSERT INTO accordion_items (id, product_id, title, content) VALUES ('ab7520e7-485d-4238-8669-5747a5d5bacb', '5de26d6b-decd-4a0f-a43c-c57d2905c43e', 'Gorgeous', 'Assumenda una stultus atqui vestrum xiphias deporto tristis depopulo audentia. Verto tardus tenax volo curtus. Volup defaeco demoror.');
INSERT INTO accordion_items (id, product_id, title, content) VALUES ('ddfdfb0f-3885-40ee-9ce4-331966b2dafa', '590e9f7c-5c4c-4d4c-9d0a-1e80da0c0549', 'Information', 'Vivo addo officiis adsum aptus. Vobis caute teneo curto tergiversatio. Optio terebro voro statim carus deludo audax.');
INSERT INTO accordion_items (id, product_id, title, content) VALUES ('18398662-9353-4cf7-9a8c-08388c83e9dc', '590e9f7c-5c4c-4d4c-9d0a-1e80da0c0549', 'Refined', 'Voluptatibus pel socius aeneus. Sumo caste crebro accedo vulgivagus. Caries avarus praesentium cupio cattus sub coerceo anser itaque cribro.');
INSERT INTO accordion_items (id, product_id, title, content) VALUES ('5a485435-ba93-44ea-8830-76745d394817', '46b27347-b5a4-4e1f-8eab-03883c82924f', 'Information', 'Curvo deputo fuga xiphias aureus. Caries caterva textilis astrum. Vinco cohibeo volo accusantium voveo.');
INSERT INTO accordion_items (id, product_id, title, content) VALUES ('ff774e1c-108b-44fe-ad48-2ff9f26a46ea', '46b27347-b5a4-4e1f-8eab-03883c82924f', 'Awesome', 'Amaritudo amita aranea cometes aequus adfero voluntarius dedico doloribus. Antepono confido dolores vulgaris rerum conicio esse auxilium tremo. Ullam tenus vereor.');
INSERT INTO accordion_items (id, product_id, title, content) VALUES ('573dd2f6-9969-4396-aba3-46e700daf7b2', '3fe96b9e-ffa9-465a-8b1f-72559e6143ab', 'Information', 'Conservo beneficium patruus. Bene minima timor explicabo cerno ab arcesso. Placeat cupressus theca ventosus vinculum certus ipsam corroboro delicate tepidus.');
INSERT INTO accordion_items (id, product_id, title, content) VALUES ('676218be-93b7-4318-9788-ef60d8b37c5a', '3fe96b9e-ffa9-465a-8b1f-72559e6143ab', 'Tasty', 'Suffoco terror inventore umerus desparatus synagoga amplitudo vinculum. Desipio ara supplanto perferendis vinculum cubicularis. Delicate derideo speculum careo decipio quos usus.');
INSERT INTO accordion_items (id, product_id, title, content) VALUES ('91b2c054-7d9b-481b-bd37-92e5bf754ec1', '10935807-e840-4515-9047-7cdb948aa4c2', 'Information', 'Tepesco pectus currus bardus praesentium veritatis. Centum benigne tristis timor decimus tonsor qui curatio cuius. Vitiosus omnis video articulus confero bos tergiversatio pauci.');
INSERT INTO accordion_items (id, product_id, title, content) VALUES ('5267d4d4-dbef-4acb-bc90-8fca8612c250', '10935807-e840-4515-9047-7cdb948aa4c2', 'Bespoke', 'Arcus assumenda bonus angustus suffragium collum decimus. Aequitas itaque ars careo velut. Viduo vilicus audeo vesper.');
INSERT INTO accordion_items (id, product_id, title, content) VALUES ('a3dc7fee-eaac-4bac-b262-0566d9e3acdf', '217899f7-2708-42a6-9886-152d1004c4d0', 'Information', 'Certe cicuta vinitor timor ver. Conforto eos aro cetera viscus damnatio saepe. Decipio amiculum tempora cumque aspicio cursim votum.');
INSERT INTO accordion_items (id, product_id, title, content) VALUES ('469b3fb4-9a8c-4fac-84a3-95e69add2bf5', '217899f7-2708-42a6-9886-152d1004c4d0', 'Handmade', 'Trado theca minus cupiditas trucido uredo accusamus reiciendis cito. Adimpleo deripio vomer earum stella copiose subseco. Confero dens nesciunt nobis attero facere triduana veritatis angelus comis.');
INSERT INTO accordion_items (id, product_id, title, content) VALUES ('a9e86419-e957-44c5-a437-c23d1a5ca696', '18a1c4f0-e9d7-4898-b0cc-9fe34194f1b0', 'Information', 'Agnitio cattus aurum tabernus molestias validus supplanto. Suscipio ultra curia atrocitas coaegresco cimentarius ancilla triduana adeo xiphias. Addo aegrotatio occaecati deprimo thesaurus vesper cognatus defleo cernuus.');
INSERT INTO accordion_items (id, product_id, title, content) VALUES ('8dd113f5-a5e8-41f5-b816-fb4e62b71c03', '18a1c4f0-e9d7-4898-b0cc-9fe34194f1b0', 'Tasty', 'Itaque cometes tot attonbitus surgo venustas admiratio tunc ter. Quisquam cogo vere crastinus vinitor votum subito eum. Abstergo canto quas iusto defero vestrum comptus.');
INSERT INTO accordion_items (id, product_id, title, content) VALUES ('7a34919e-ab08-46cf-8fcc-366cbb1f621f', '105fe68d-1daf-470b-a41a-1f5469108bb3', 'Information', 'Suasoria valens minus theologus. Derelinquo solvo umquam beatae caste templum. Subvenio dedico arma vicinus clibanus adfero accendo ater cattus.');
INSERT INTO accordion_items (id, product_id, title, content) VALUES ('0c05efc7-8a46-450c-a377-1c543639bc1e', '105fe68d-1daf-470b-a41a-1f5469108bb3', 'Ergonomic', 'Bis repellendus pectus benigne quas adversus. Ea vae cursus arma tam laudantium labore copiose. Bibo tabella decor.');
INSERT INTO accordion_items (id, product_id, title, content) VALUES ('a0b5358c-136a-49e4-9f8e-1da38ab77c54', '908356a6-434d-4292-9733-88206472bfaf', 'Information', 'Abscido timor delectatio verto repellat repudiandae. Cornu adversus alioqui cupressus. Capio conservo viriliter admoneo adipiscor argentum sulum varius mollitia itaque.');
INSERT INTO accordion_items (id, product_id, title, content) VALUES ('c9812bd6-ce17-4b2f-999a-ccf89774a359', '908356a6-434d-4292-9733-88206472bfaf', 'Tasty', 'Aut conicio cui venio voluptatum ceno urbanus aegrotatio caterva. Benigne vester tredecim cavus ullam expedita dedico. Illum casus avarus deprimo creta canis audeo.');
INSERT INTO accordion_items (id, product_id, title, content) VALUES ('06b90728-1c74-47c2-a112-d72eacfdefe0', '979d065f-6733-4a13-b9a6-776678a1755f', 'Information', 'Templum animi contra. Degenero careo triumphus summa caterva cubitum. Velit doloribus demitto esse cernuus aveho ver adsidue verecundia tergo.');
INSERT INTO accordion_items (id, product_id, title, content) VALUES ('b1296e9d-34dd-4d5a-8f94-efe4a5bf7f3c', '979d065f-6733-4a13-b9a6-776678a1755f', 'Incredible', 'Absum temptatio alveus tergum nemo cribro aptus conatus. Sed tondeo fugiat vestigium sulum arto. Cruentus vergo vis subnecto vitae aestivus consequuntur quibusdam cerno casso.');
INSERT INTO accordion_items (id, product_id, title, content) VALUES ('7b9ef449-b1aa-40da-b07e-c23eed298df7', '66ca1a18-0668-4230-b14e-eb9a7710de18', 'Information', 'Creber esse dens possimus congregatio attero comedo adnuo tutamen patior. Conventus cursim tero sono admoveo tardus adulatio alius. Cado velociter textor cribro sol aeneus cunae.');
INSERT INTO accordion_items (id, product_id, title, content) VALUES ('7290d482-ad6f-4038-9701-16f5f763d65f', '66ca1a18-0668-4230-b14e-eb9a7710de18', 'Fantastic', 'Adfectus templum cras curiositas ventosus officiis arto. Sunt cum truculenter abduco carbo crastinus. Ustilo tres turpis coepi supellex somnus.');
INSERT INTO accordion_items (id, product_id, title, content) VALUES ('a4aaefc8-f4f0-42ed-82f5-a59a2a61f29a', 'b6e6a53a-ecf7-4760-af8d-7fcba8dd50af', 'Information', 'Depopulo capto odio defessus decens acer. Advoco acervus temptatio bibo commodo arca catena voluptatem. Blanditiis vulgivagus quis.');
INSERT INTO accordion_items (id, product_id, title, content) VALUES ('89e9d3e8-23d2-479b-a54b-6b1293018d9c', 'b6e6a53a-ecf7-4760-af8d-7fcba8dd50af', 'Ergonomic', 'Undique acies cresco aggero. Repellat aegre curto. Temporibus sophismata audio thema cunabula antiquus aliquid compono astrum.');
INSERT INTO accordion_items (id, product_id, title, content) VALUES ('9de7ce61-33a7-4e72-a2ee-067adab9ad1a', '9a4eef29-f402-4936-bdc4-db0ae8c66b3f', 'Information', 'Tabgo vomer ultra adopto commodi cedo deinde. Virtus volutabrum comitatus absque congregatio aufero. Libero derelinquo suppellex virga adeptio cursus dens distinctio denique.');
INSERT INTO accordion_items (id, product_id, title, content) VALUES ('296341fd-4d89-429b-b1d1-518f11f27e7b', '9a4eef29-f402-4936-bdc4-db0ae8c66b3f', 'Rustic', 'Civis facilis deinde cum debitis tergeo appositus deserunt abbas. Approbo dolor caries crepusculum considero venustas. Cupiditas ad thalassinus trepide benevolentia suasoria corporis nostrum.');
INSERT INTO accordion_items (id, product_id, title, content) VALUES ('40e0803a-5001-401c-9977-06cb1c434539', 'f42bdac7-2976-4141-94c0-e78822f1042d', 'Information', 'Abutor vero summopere stips armarium centum velociter talio. Cumque capitulus voco. Adulescens cultellus cibus subseco bis tendo subiungo illo debilito.');
INSERT INTO accordion_items (id, product_id, title, content) VALUES ('d71a9571-2a32-41a3-8790-14d9ce4773f3', 'f42bdac7-2976-4141-94c0-e78822f1042d', 'Modern', 'Vorago conor suffragium addo tempore expedita. At tondeo conturbo clarus alii amitto deorsum aggredior. Tendo casus autus curso nostrum.');
INSERT INTO accordion_items (id, product_id, title, content) VALUES ('d227dfb6-c69e-4134-9730-ab05a79deb9b', '77a8fc5d-d8ae-4896-b89a-c4097fe1c63b', 'Information', 'Accusator aequitas auctor. Claudeo appositus consectetur tero hic derelinquo argumentum compello. Comptus animadverto abduco ager vetus antepono.');
INSERT INTO accordion_items (id, product_id, title, content) VALUES ('61698426-11e4-46ee-a5f4-84eadc573baf', '77a8fc5d-d8ae-4896-b89a-c4097fe1c63b', 'Incredible', 'Tempore comparo eligendi thorax tabesco amet facere officia sortitus. Comminor repellat utrum ubi confero benigne vester. Caute exercitationem voluptate calamitas illo tredecim arceo dignissimos.');
INSERT INTO accordion_items (id, product_id, title, content) VALUES ('1847747a-01fb-486a-b96c-8ab50ec042e6', '4ca383ec-cb34-44eb-bd72-8ecefec09670', 'Information', 'Maiores natus temptatio dicta averto validus argentum caries. Speculum blandior vapulus. Annus adduco alias.');
INSERT INTO accordion_items (id, product_id, title, content) VALUES ('f397eff0-0b45-4bd6-a571-0e0e87edaeb0', '4ca383ec-cb34-44eb-bd72-8ecefec09670', 'Practical', 'Adaugeo degusto capto itaque damno tenus alienus. Defendo pectus artificiose molestias commemoro aliquam. Calco abduco arceo victus cupio.');
INSERT INTO accordion_items (id, product_id, title, content) VALUES ('528a520e-49b6-4a44-9ad0-1e2ecc8d080c', '7437dc59-a061-4e49-be4e-ebf3971e154e', 'Information', 'Corporis cuppedia quod averto tardus substantia spectaculum. Denuncio demonstro tergiversatio tabesco nihil vito. Ager earum nam vulariter tripudio arceo.');
INSERT INTO accordion_items (id, product_id, title, content) VALUES ('61963905-ac5c-43e6-9b10-c2ed83cd8e20', '7437dc59-a061-4e49-be4e-ebf3971e154e', 'Electronic', 'Territo exercitationem exercitationem necessitatibus reprehenderit fuga deleo facere. Aliqua vulpes bonus tenax claustrum adaugeo praesentium sol. Ad conatus vergo sublime cumque arbitro contigo.');
INSERT INTO accordion_items (id, product_id, title, content) VALUES ('ec988a8d-8658-449e-bf64-895cfee204f3', '6f3b7e1c-2f36-472b-8805-86e493a83608', 'Information', 'Aegre studio vinum tunc. Deludo aptus cura synagoga coma in curvo bardus delicate. Texo clamo subvenio vito basium varietas adimpleo adhuc.');
INSERT INTO accordion_items (id, product_id, title, content) VALUES ('be9e6597-e176-4504-9d6a-2712aed76476', '6f3b7e1c-2f36-472b-8805-86e493a83608', 'Ergonomic', 'Conforto quis sub apostolus thema adsuesco tres. Velum doloribus demitto annus patruus. Molestiae temporibus utroque suppellex cruentus vigor peccatus accedo.');
INSERT INTO accordion_items (id, product_id, title, content) VALUES ('60507012-229c-4936-957b-b20d2f95a53a', '88288405-104d-4305-83a7-ecb00ca5bc11', 'Information', 'Cui sequi amor subseco. Barba usus stultus thesis iusto. Tego expedita culpa vel quae tredecim ducimus adsum appositus.');
INSERT INTO accordion_items (id, product_id, title, content) VALUES ('f46f90f2-081d-479d-a6ba-6ec0efba5b23', '88288405-104d-4305-83a7-ecb00ca5bc11', 'Awesome', 'Repudiandae paulatim cruentus. Communis civis quisquam carbo defendo adulatio. Cito apostolus cibus.');
INSERT INTO accordion_items (id, product_id, title, content) VALUES ('e5f878f4-a543-4563-a7d4-5b251ffeb226', '081b9380-370c-4697-9d2a-a730e0e0211b', 'Information', 'Defero substantia comedo textilis demum ante concido crur arcus. Varietas defleo virgo confido eius tristis angelus. Cursim dicta fugit damno carpo tardus amoveo deserunt fugit.');
INSERT INTO accordion_items (id, product_id, title, content) VALUES ('6f910214-1e65-424a-835e-ae94a35692fe', '081b9380-370c-4697-9d2a-a730e0e0211b', 'Elegant', 'Tam similique tui antiquus tamdiu. Cuius vulticulus ipsa demergo virgo chirographum curo voco. Angustus ager vobis conicio tantillus curriculum in confido.');
INSERT INTO accordion_items (id, product_id, title, content) VALUES ('5291505e-20ed-4c4b-8ba5-0840954d577b', 'a8be7a9e-67ee-4c9f-a5f9-4bc1cf3c4f71', 'Information', 'Utilis officia ipsam cunabula temeritas uxor vinculum statim alius varietas. Maxime perferendis damno nesciunt circumvenio causa supellex denuncio. Valetudo aufero cursim creber articulus calcar tibi velut verus.');
INSERT INTO accordion_items (id, product_id, title, content) VALUES ('742acc33-e618-4369-8971-416524851d2f', 'a8be7a9e-67ee-4c9f-a5f9-4bc1cf3c4f71', 'Unbranded', 'Versus quisquam conventus ipsam atqui. Convoco ex tenuis cotidie. Talis reprehenderit arguo conturbo.');
INSERT INTO accordion_items (id, product_id, title, content) VALUES ('0c353cdd-b619-4125-875f-5544afa68f2d', '1cacbab5-0572-47e7-9a30-4df8d9813395', 'Information', 'Stultus tredecim adeptio vivo sonitus ascisco tersus. Creator cum cuius tredecim auxilium decumbo. Aureus animi suffoco inflammatio defungo illo iusto thesis aestas magni.');
INSERT INTO accordion_items (id, product_id, title, content) VALUES ('c6667633-ff8c-4a3c-b469-513d02ed4b03', '1cacbab5-0572-47e7-9a30-4df8d9813395', 'Handmade', 'Tersus vapulus adulatio correptius conatus. Curo tenax suffoco curiositas administratio. Articulus pauci abbas custodia exercitationem villa viscus.');
INSERT INTO accordion_items (id, product_id, title, content) VALUES ('a6a4124e-7bf1-452f-aa54-04fda43328b2', '7e52ad1f-d48f-4be7-812c-76f0471536a4', 'Information', 'Viridis textilis cito ventus socius thema defetiscor derelinquo totus valens. Cupiditas avarus admoneo dolores currus suscipit. Alioqui vesica tabula patruus advenio repudiandae.');
INSERT INTO accordion_items (id, product_id, title, content) VALUES ('1254d41a-fd65-4cc1-8aa1-af36d376a4a0', '7e52ad1f-d48f-4be7-812c-76f0471536a4', 'Recycled', 'Basium clam thorax usus sufficio ante urbs corrupti. Amita fugit demonstro. Appono utrimque supra utique carus.');
INSERT INTO accordion_items (id, product_id, title, content) VALUES ('eacf6e36-ed0e-49e5-969c-f8fd66494ea3', '1d483375-4e59-4e51-a735-fe9e89923018', 'Information', 'Excepturi torrens spiritus vindico vito caput suppono possimus. Aptus taceo enim tibi. Thesis una pauci laborum amaritudo summisse suus delinquo aduro.');
INSERT INTO accordion_items (id, product_id, title, content) VALUES ('0e037638-09f3-4898-84e1-b59271c579fa', '1d483375-4e59-4e51-a735-fe9e89923018', 'Modern', 'Molestiae deficio candidus acer cultellus pel sapiente creo animus. Arbustum vetus curvo quidem. Chirographum aperiam tremo una sponte.');
INSERT INTO orders (id, user_id, status, payment_information, total_price, created_at, updated_at) VALUES ('bb0db3f1-63cd-42c8-a975-41fd769a9002', '8d4d5742-dbbc-4537-9fd2-eb72b2467f0f', 'Done', '6759-8901-1541-0114', 1770, '2024-01-25T23:35:25.954Z', '2024-09-01T15:10:42.611Z');
INSERT INTO orders (id, user_id, status, payment_information, total_price, created_at, updated_at) VALUES ('40996150-5d57-484e-b528-9253108f5612', 'e79c3717-6aaf-4b68-a813-1d7711a923bc', 'Pending', '3529-0073-8133-5596', 3472, '2023-10-11T06:47:12.262Z', '2024-09-01T20:04:39.341Z');
INSERT INTO orders (id, user_id, status, payment_information, total_price, created_at, updated_at) VALUES ('4e9fc4e5-2739-4408-80bd-eab43e459676', 'e79c3717-6aaf-4b68-a813-1d7711a923bc', 'Paid', '6011-9566-4746-3808', 2730, '2024-02-18T22:19:54.771Z', '2024-09-02T02:40:18.463Z');
INSERT INTO orders (id, user_id, status, payment_information, total_price, created_at, updated_at) VALUES ('355a6def-15c4-42a1-847d-ed0752bf2edc', '20604639-e783-469d-bb41-111037bff544', 'Pending', '6011-6257-3782-0617-7553', 1230, '2024-08-31T04:22:30.078Z', '2024-09-02T09:10:46.688Z');
INSERT INTO orders (id, user_id, status, payment_information, total_price, created_at, updated_at) VALUES ('e3a88b21-4601-43c9-87d3-104198f2e1f4', 'ab00cfd2-2b99-4301-8f32-49b54dd2c463', 'Pending', '6304-3552-8010-3001', 3117, '2024-07-09T05:02:52.841Z', '2024-09-01T19:03:08.305Z');
INSERT INTO orders (id, user_id, status, payment_information, total_price, created_at, updated_at) VALUES ('77fde7ba-4df8-4843-932c-56f17d7a0c50', 'e79c3717-6aaf-4b68-a813-1d7711a923bc', 'Canceled', '3528-7693-3981-3245', 284, '2024-06-07T01:18:40.818Z', '2024-09-02T03:08:14.273Z');
INSERT INTO orders (id, user_id, status, payment_information, total_price, created_at, updated_at) VALUES ('4ae76d03-a2a0-4d18-854e-9d39dfa7e6cd', '4f4cef15-9aca-4d66-a358-a9d7b0afb333', 'Paid', '4537812950225', 1473, '2024-07-23T07:25:56.023Z', '2024-09-01T14:47:15.524Z');
INSERT INTO orders (id, user_id, status, payment_information, total_price, created_at, updated_at) VALUES ('756a12c8-89d1-4851-b909-1285d8bc3356', '516a33ce-ab5b-4e93-859b-459918b8e45f', 'Canceled', '3031-395604-3716', 2928, '2024-08-24T21:46:25.700Z', '2024-09-01T15:56:16.463Z');
INSERT INTO orders (id, user_id, status, payment_information, total_price, created_at, updated_at) VALUES ('953974da-50f8-4db7-8d0e-9f4ea613428b', 'e79c3717-6aaf-4b68-a813-1d7711a923bc', 'Canceled', '6011-1868-3286-9177', 4901, '2023-11-28T08:15:51.579Z', '2024-09-02T06:04:47.959Z');
INSERT INTO orders (id, user_id, status, payment_information, total_price, created_at, updated_at) VALUES ('13f4d769-c456-4e27-8b38-2ecd326adc3c', '3949101a-2e36-47eb-b4bd-286066c9b0be', 'Canceled', '3528-9616-1529-7199', 276, '2024-07-24T19:08:40.664Z', '2024-09-01T18:57:00.401Z');
INSERT INTO order_items (id, order_id, product_id, name, image_url, price, quantity) VALUES ('132f2401-86be-4250-b721-63c0b8e2bcc2', 'bb0db3f1-63cd-42c8-a975-41fd769a9002', '88288405-104d-4305-83a7-ecb00ca5bc11', 'Ergonomic Soft Pizza', 'https://picsum.photos/seed/2ijTr/640/480', 316, 2);
INSERT INTO order_items (id, order_id, product_id, name, image_url, price, quantity) VALUES ('b2e87058-082b-4c9b-8bb3-7d127af90953', 'bb0db3f1-63cd-42c8-a975-41fd769a9002', '18a1c4f0-e9d7-4898-b0cc-9fe34194f1b0', 'Elegant Fresh Table', 'https://picsum.photos/seed/utmXC/640/480', 444, 1);
INSERT INTO order_items (id, order_id, product_id, name, image_url, price, quantity) VALUES ('266409a9-3a2e-4883-b06c-501779ff907f', 'bb0db3f1-63cd-42c8-a975-41fd769a9002', '081b9380-370c-4697-9d2a-a730e0e0211b', 'Handcrafted Frozen Towels', 'https://picsum.photos/seed/pj7xnRJx/640/480', 1010, 2);
INSERT INTO order_items (id, order_id, product_id, name, image_url, price, quantity) VALUES ('0d040e46-ded3-4b61-ab4b-5184f8b4e6cb', '40996150-5d57-484e-b528-9253108f5612', '9a4eef29-f402-4936-bdc4-db0ae8c66b3f', 'Fantastic Cotton Shirt', 'https://picsum.photos/seed/BVxWkn3u/640/480', 1800, 5);
INSERT INTO order_items (id, order_id, product_id, name, image_url, price, quantity) VALUES ('801e3819-eb55-49a7-ba91-36c3efcddcc2', '40996150-5d57-484e-b528-9253108f5612', '217899f7-2708-42a6-9886-152d1004c4d0', 'Intelligent Fresh Towels', 'https://picsum.photos/seed/W9IZDi/640/480', 836, 4);
INSERT INTO order_items (id, order_id, product_id, name, image_url, price, quantity) VALUES ('2d94d5a4-ac42-49b9-b9a6-449ac8bdae3e', '40996150-5d57-484e-b528-9253108f5612', '217899f7-2708-42a6-9886-152d1004c4d0', 'Intelligent Fresh Towels', 'https://picsum.photos/seed/W9IZDi/640/480', 836, 4);
INSERT INTO order_items (id, order_id, product_id, name, image_url, price, quantity) VALUES ('0e984ed1-6ca1-4733-8e12-5af79e13ffd0', '4e9fc4e5-2739-4408-80bd-eab43e459676', '7e52ad1f-d48f-4be7-812c-76f0471536a4', 'Modern Wooden Cheese', 'https://picsum.photos/seed/RXNE5aUCux/640/480', 2730, 5);
INSERT INTO order_items (id, order_id, product_id, name, image_url, price, quantity) VALUES ('d16a40aa-9f15-4475-a1d9-03284f9fea25', '355a6def-15c4-42a1-847d-ed0752bf2edc', '590e9f7c-5c4c-4d4c-9d0a-1e80da0c0549', 'Small Cotton Car', 'https://picsum.photos/seed/IltSu3Z/640/480', 138, 1);
INSERT INTO order_items (id, order_id, product_id, name, image_url, price, quantity) VALUES ('e9fc60ed-804a-4be9-b122-0909e668a047', '355a6def-15c4-42a1-847d-ed0752bf2edc', '7e52ad1f-d48f-4be7-812c-76f0471536a4', 'Modern Wooden Cheese', 'https://picsum.photos/seed/RXNE5aUCux/640/480', 1092, 2);
INSERT INTO order_items (id, order_id, product_id, name, image_url, price, quantity) VALUES ('094aa0af-e0d0-46bd-8fad-1a1dccd8f247', 'e3a88b21-4601-43c9-87d3-104198f2e1f4', '7e52ad1f-d48f-4be7-812c-76f0471536a4', 'Modern Wooden Cheese', 'https://picsum.photos/seed/RXNE5aUCux/640/480', 1092, 2);
INSERT INTO order_items (id, order_id, product_id, name, image_url, price, quantity) VALUES ('249deb39-bbcd-46db-b299-7502925a120f', 'e3a88b21-4601-43c9-87d3-104198f2e1f4', '77a8fc5d-d8ae-4896-b89a-c4097fe1c63b', 'Electronic Soft Soap', 'https://picsum.photos/seed/IspQCoJdSU/640/480', 2025, 5);
INSERT INTO order_items (id, order_id, product_id, name, image_url, price, quantity) VALUES ('b881b937-0f1b-4b7c-8ecf-44c272b82efc', '77fde7ba-4df8-4843-932c-56f17d7a0c50', '4ca383ec-cb34-44eb-bd72-8ecefec09670', 'Unbranded Metal Computer', 'https://picsum.photos/seed/m6MBMUZti/640/480', 284, 4);
INSERT INTO order_items (id, order_id, product_id, name, image_url, price, quantity) VALUES ('1a1391d6-214c-4b13-976a-320786d22498', '4ae76d03-a2a0-4d18-854e-9d39dfa7e6cd', '1e9ab7f1-16a0-4cfc-a60c-552971a353f2', 'Licensed Wooden Ball', 'https://picsum.photos/seed/fkHRC/640/480', 1473, 3);
INSERT INTO order_items (id, order_id, product_id, name, image_url, price, quantity) VALUES ('19645f4c-1a86-4d9f-b99f-689a48011004', '756a12c8-89d1-4851-b909-1285d8bc3356', '46b27347-b5a4-4e1f-8eab-03883c82924f', 'Elegant Cotton Computer', 'https://picsum.photos/seed/7j4wB30/640/480', 459, 1);
INSERT INTO order_items (id, order_id, product_id, name, image_url, price, quantity) VALUES ('13e5ff05-4306-4b71-b0ca-6fadb86df3cd', '756a12c8-89d1-4851-b909-1285d8bc3356', '18a1c4f0-e9d7-4898-b0cc-9fe34194f1b0', 'Elegant Fresh Table', 'https://picsum.photos/seed/utmXC/640/480', 444, 1);
INSERT INTO order_items (id, order_id, product_id, name, image_url, price, quantity) VALUES ('834fbc3b-8703-46cc-aa8f-fa4690f4cf89', '756a12c8-89d1-4851-b909-1285d8bc3356', '77a8fc5d-d8ae-4896-b89a-c4097fe1c63b', 'Electronic Soft Soap', 'https://picsum.photos/seed/IspQCoJdSU/640/480', 2025, 5);
INSERT INTO order_items (id, order_id, product_id, name, image_url, price, quantity) VALUES ('e0927afd-d8e7-4f2c-8d7e-0c394b80c20a', '953974da-50f8-4db7-8d0e-9f4ea613428b', 'f42bdac7-2976-4141-94c0-e78822f1042d', 'Electronic Rubber Cheese', 'https://picsum.photos/seed/UaH3QIbw/640/480', 2070, 5);
INSERT INTO order_items (id, order_id, product_id, name, image_url, price, quantity) VALUES ('e34f27fa-f156-48fd-9a56-a6ac9377b498', '953974da-50f8-4db7-8d0e-9f4ea613428b', '5de26d6b-decd-4a0f-a43c-c57d2905c43e', 'Unbranded Plastic Mouse', 'https://picsum.photos/seed/CabH8/640/480', 806, 2);
INSERT INTO order_items (id, order_id, product_id, name, image_url, price, quantity) VALUES ('d0f2e209-c8f7-466a-8bf5-8b24f68bed54', '953974da-50f8-4db7-8d0e-9f4ea613428b', '77a8fc5d-d8ae-4896-b89a-c4097fe1c63b', 'Electronic Soft Soap', 'https://picsum.photos/seed/IspQCoJdSU/640/480', 2025, 5);
INSERT INTO order_items (id, order_id, product_id, name, image_url, price, quantity) VALUES ('f0ae0bc1-3ef0-4c61-bc44-edbd35c379fe', '13f4d769-c456-4e27-8b38-2ecd326adc3c', '590e9f7c-5c4c-4d4c-9d0a-1e80da0c0549', 'Small Cotton Car', 'https://picsum.photos/seed/IltSu3Z/640/480', 276, 2);
INSERT INTO carts (id, user_id, created_at, updated_at) VALUES ('9da1c9f7-9d20-4310-a023-0eeb94863e77', '15ce8ac6-343c-46dd-921d-447040d2b5ff', '2024-07-15T12:36:03.685Z', '2024-09-01T16:43:43.859Z');
INSERT INTO carts (id, user_id, created_at, updated_at) VALUES ('38665544-ea58-48dc-9c51-3944ac9d283f', 'e79c3717-6aaf-4b68-a813-1d7711a923bc', '2023-11-10T15:06:44.989Z', '2024-09-02T02:13:00.368Z');
INSERT INTO carts (id, user_id, created_at, updated_at) VALUES ('27c4da84-58d9-486c-9849-f6f660d25394', '15ce8ac6-343c-46dd-921d-447040d2b5ff', '2023-11-18T04:53:24.068Z', '2024-09-02T03:12:08.394Z');
INSERT INTO carts (id, user_id, created_at, updated_at) VALUES ('e270a02a-c6a7-400d-bb8f-693f8a6c1adf', '8d4d5742-dbbc-4537-9fd2-eb72b2467f0f', '2024-04-18T23:23:03.734Z', '2024-09-01T12:41:35.037Z');
INSERT INTO carts (id, user_id, created_at, updated_at) VALUES ('d207be54-0700-4eea-a270-15a31d8a24e7', '15ce8ac6-343c-46dd-921d-447040d2b5ff', '2023-09-06T23:29:53.636Z', '2024-09-02T05:12:52.269Z');
INSERT INTO cart_items (id, cart_id, product_id, name, image_url, price, quantity) VALUES ('2c9bf265-31c0-4553-995c-ff800528b706', '9da1c9f7-9d20-4310-a023-0eeb94863e77', '6f3b7e1c-2f36-472b-8805-86e493a83608', 'Electronic Rubber Pants', 'https://picsum.photos/seed/J4BFDMJ/640/480', '483', 8);
INSERT INTO cart_items (id, cart_id, product_id, name, image_url, price, quantity) VALUES ('a7b6845e-dfe5-4e37-a91d-e0b00fbf517b', '9da1c9f7-9d20-4310-a023-0eeb94863e77', '10935807-e840-4515-9047-7cdb948aa4c2', 'Incredible Steel Chair', 'https://picsum.photos/seed/RZjIg/640/480', '524', 5);
INSERT INTO cart_items (id, cart_id, product_id, name, image_url, price, quantity) VALUES ('ec23ed21-b0db-4cee-9f6d-a8ae54e7760d', '9da1c9f7-9d20-4310-a023-0eeb94863e77', '105fe68d-1daf-470b-a41a-1f5469108bb3', 'Intelligent Steel Hat', 'https://picsum.photos/seed/X68i87w9yc/640/480', '239', 2);
INSERT INTO cart_items (id, cart_id, product_id, name, image_url, price, quantity) VALUES ('64f9dd0f-ae73-425d-a26d-83bb1264c7f0', '9da1c9f7-9d20-4310-a023-0eeb94863e77', '7437dc59-a061-4e49-be4e-ebf3971e154e', 'Sleek Rubber Towels', 'https://picsum.photos/seed/FuaqTodusk/640/480', '492', 8);
INSERT INTO cart_items (id, cart_id, product_id, name, image_url, price, quantity) VALUES ('451f9a8d-4828-433c-a892-83c1b58c2379', '9da1c9f7-9d20-4310-a023-0eeb94863e77', '88288405-104d-4305-83a7-ecb00ca5bc11', 'Ergonomic Soft Pizza', 'https://picsum.photos/seed/2ijTr/640/480', '158', 9);
INSERT INTO cart_items (id, cart_id, product_id, name, image_url, price, quantity) VALUES ('694a0666-ff7b-4e3f-bbe8-34a85c30bb92', '38665544-ea58-48dc-9c51-3944ac9d283f', '1d483375-4e59-4e51-a735-fe9e89923018', 'Elegant Steel Cheese', 'https://picsum.photos/seed/LD1md/640/480', '324', 7);
INSERT INTO cart_items (id, cart_id, product_id, name, image_url, price, quantity) VALUES ('829eeea7-6723-4cae-9ad4-74a34f25f376', '38665544-ea58-48dc-9c51-3944ac9d283f', '217899f7-2708-42a6-9886-152d1004c4d0', 'Intelligent Fresh Towels', 'https://picsum.photos/seed/W9IZDi/640/480', '209', 9);
INSERT INTO cart_items (id, cart_id, product_id, name, image_url, price, quantity) VALUES ('f4246197-7c04-418e-8d09-9a93b1c335c3', '38665544-ea58-48dc-9c51-3944ac9d283f', '7e52ad1f-d48f-4be7-812c-76f0471536a4', 'Modern Wooden Cheese', 'https://picsum.photos/seed/RXNE5aUCux/640/480', '546', 8);
INSERT INTO cart_items (id, cart_id, product_id, name, image_url, price, quantity) VALUES ('ed81197e-e3c6-47db-9ba2-7ea363240b1f', '38665544-ea58-48dc-9c51-3944ac9d283f', '217899f7-2708-42a6-9886-152d1004c4d0', 'Intelligent Fresh Towels', 'https://picsum.photos/seed/W9IZDi/640/480', '209', 10);
INSERT INTO cart_items (id, cart_id, product_id, name, image_url, price, quantity) VALUES ('31da20ae-642a-4e3c-96d6-fa8890a0198c', '38665544-ea58-48dc-9c51-3944ac9d283f', '081b9380-370c-4697-9d2a-a730e0e0211b', 'Handcrafted Frozen Towels', 'https://picsum.photos/seed/pj7xnRJx/640/480', '505', 4);
INSERT INTO cart_items (id, cart_id, product_id, name, image_url, price, quantity) VALUES ('a8c9d058-47ea-4e94-9c9f-865a0d22ab49', '27c4da84-58d9-486c-9849-f6f660d25394', 'b6e6a53a-ecf7-4760-af8d-7fcba8dd50af', 'Small Steel Chips', 'https://picsum.photos/seed/T0Pjh577/640/480', '264', 6);
INSERT INTO cart_items (id, cart_id, product_id, name, image_url, price, quantity) VALUES ('2bfb33d3-e56a-49db-8518-345d3262d3b9', '27c4da84-58d9-486c-9849-f6f660d25394', 'b6e6a53a-ecf7-4760-af8d-7fcba8dd50af', 'Small Steel Chips', 'https://picsum.photos/seed/T0Pjh577/640/480', '264', 5);
INSERT INTO cart_items (id, cart_id, product_id, name, image_url, price, quantity) VALUES ('27ea9f6d-ad1b-4959-a562-8b9a2091ef1c', '27c4da84-58d9-486c-9849-f6f660d25394', '4ca383ec-cb34-44eb-bd72-8ecefec09670', 'Unbranded Metal Computer', 'https://picsum.photos/seed/m6MBMUZti/640/480', '71', 9);
INSERT INTO cart_items (id, cart_id, product_id, name, image_url, price, quantity) VALUES ('bddf7e66-9d0c-49a9-9f78-283e031808c9', '27c4da84-58d9-486c-9849-f6f660d25394', '7e52ad1f-d48f-4be7-812c-76f0471536a4', 'Modern Wooden Cheese', 'https://picsum.photos/seed/RXNE5aUCux/640/480', '546', 5);
INSERT INTO cart_items (id, cart_id, product_id, name, image_url, price, quantity) VALUES ('1ab0f33a-a70a-470c-b314-e9ad173ff8f4', '27c4da84-58d9-486c-9849-f6f660d25394', '77a8fc5d-d8ae-4896-b89a-c4097fe1c63b', 'Electronic Soft Soap', 'https://picsum.photos/seed/IspQCoJdSU/640/480', '405', 3);
INSERT INTO cart_items (id, cart_id, product_id, name, image_url, price, quantity) VALUES ('8bba6ff9-ca15-4e41-9a8f-89c9733a7aaa', 'e270a02a-c6a7-400d-bb8f-693f8a6c1adf', '6f3b7e1c-2f36-472b-8805-86e493a83608', 'Electronic Rubber Pants', 'https://picsum.photos/seed/J4BFDMJ/640/480', '483', 3);
INSERT INTO cart_items (id, cart_id, product_id, name, image_url, price, quantity) VALUES ('6d2e43e7-d304-4b2b-879a-77dc70aefb47', 'e270a02a-c6a7-400d-bb8f-693f8a6c1adf', '1d483375-4e59-4e51-a735-fe9e89923018', 'Elegant Steel Cheese', 'https://picsum.photos/seed/LD1md/640/480', '324', 6);
INSERT INTO cart_items (id, cart_id, product_id, name, image_url, price, quantity) VALUES ('615c9208-bd4b-4ace-8117-54bae06636d2', 'e270a02a-c6a7-400d-bb8f-693f8a6c1adf', '7e52ad1f-d48f-4be7-812c-76f0471536a4', 'Modern Wooden Cheese', 'https://picsum.photos/seed/RXNE5aUCux/640/480', '546', 10);
INSERT INTO cart_items (id, cart_id, product_id, name, image_url, price, quantity) VALUES ('34af9567-4fba-4713-9a01-633562320f1a', 'e270a02a-c6a7-400d-bb8f-693f8a6c1adf', '7e52ad1f-d48f-4be7-812c-76f0471536a4', 'Modern Wooden Cheese', 'https://picsum.photos/seed/RXNE5aUCux/640/480', '546', 5);
INSERT INTO cart_items (id, cart_id, product_id, name, image_url, price, quantity) VALUES ('eba5fa99-d0b0-4fec-8c3a-eb2f00406d3d', 'e270a02a-c6a7-400d-bb8f-693f8a6c1adf', 'a8be7a9e-67ee-4c9f-a5f9-4bc1cf3c4f71', 'Sleek Concrete Bacon', 'https://picsum.photos/seed/SiXDkURjs/640/480', '338', 7);
INSERT INTO cart_items (id, cart_id, product_id, name, image_url, price, quantity) VALUES ('ddf54766-66ab-4a9e-be64-2f9a8c01b343', 'd207be54-0700-4eea-a270-15a31d8a24e7', '6f3b7e1c-2f36-472b-8805-86e493a83608', 'Electronic Rubber Pants', 'https://picsum.photos/seed/J4BFDMJ/640/480', '483', 8);
INSERT INTO cart_items (id, cart_id, product_id, name, image_url, price, quantity) VALUES ('633d9d45-1617-44fe-a2ed-815848458307', 'd207be54-0700-4eea-a270-15a31d8a24e7', '18a1c4f0-e9d7-4898-b0cc-9fe34194f1b0', 'Elegant Fresh Table', 'https://picsum.photos/seed/utmXC/640/480', '444', 6);
INSERT INTO cart_items (id, cart_id, product_id, name, image_url, price, quantity) VALUES ('00ff3c35-509e-4d48-a668-08be9e71aa38', 'd207be54-0700-4eea-a270-15a31d8a24e7', '7437dc59-a061-4e49-be4e-ebf3971e154e', 'Sleek Rubber Towels', 'https://picsum.photos/seed/FuaqTodusk/640/480', '492', 8);
INSERT INTO cart_items (id, cart_id, product_id, name, image_url, price, quantity) VALUES ('a7abe512-e2a2-46b9-97c6-2a5470b9bee2', 'd207be54-0700-4eea-a270-15a31d8a24e7', '1cacbab5-0572-47e7-9a30-4df8d9813395', 'Handmade Wooden Gloves', 'https://picsum.photos/seed/dEnzu/640/480', '177', 7);
INSERT INTO cart_items (id, cart_id, product_id, name, image_url, price, quantity) VALUES ('9ae4e778-5726-4ebc-aec6-5785655f39fd', 'd207be54-0700-4eea-a270-15a31d8a24e7', '7437dc59-a061-4e49-be4e-ebf3971e154e', 'Sleek Rubber Towels', 'https://picsum.photos/seed/FuaqTodusk/640/480', '492', 8);